#YY	NA	DD	hh	NA	WDIR	WSPD	GST	WVHT	DPD	APD	MWD	PRES	ATMP	WTMP	DEWP	VIS	PTDY	TIDE
2018	10	27	23	45	250	5.1	NA	NA	NA	NA	NA	1014	16.7	NA	11.1	NA	NA	NA
2018	10	27	23	30	260	5.1	NA	NA	NA	NA	NA	1013	16.6	NA	10.8	NA	NA	NA
2018	10	27	23	15	270	5.1	NA	NA	NA	NA	NA	1013	16.6	NA	10.5	NA	NA	NA
2018	10	27	23	0	270	5.1	NA	NA	NA	NA	NA	1013	16.8	NA	10.7	NA	2	NA
2018	10	27	22	45	290	4.6	NA	NA	NA	NA	NA	1013	16.9	NA	10.6	NA	NA	NA
2018	10	27	22	30	280	5.7	NA	NA	NA	NA	NA	1013	17	NA	10.7	NA	NA	NA
2018	10	27	22	15	280	5.7	NA	NA	NA	NA	NA	1012	17.2	NA	10.7	NA	NA	NA
2018	10	27	22	0	280	6.2	NA	NA	NA	NA	NA	1012	17.4	NA	10.9	NA	1	NA
2018	10	27	21	45	290	5.1	NA	NA	NA	NA	NA	1012	17.7	NA	11.4	NA	NA	NA
2018	10	27	21	30	290	5.1	NA	NA	NA	NA	NA	1012	17.6	NA	11.3	NA	NA	NA
2018	10	27	21	15	290	4.1	NA	NA	NA	NA	NA	1012	17.7	NA	11.4	NA	NA	NA
2018	10	27	21	0	280	5.1	NA	NA	NA	NA	NA	1011	17.7	NA	11.4	NA	0	NA
2018	10	27	20	45	280	5.1	NA	NA	NA	NA	NA	1011	17.4	NA	11.1	NA	NA	NA
2018	10	27	20	30	290	5.7	NA	NA	NA	NA	NA	1011	17.4	NA	10.9	NA	NA	NA
2018	10	27	20	15	280	6.7	NA	NA	NA	NA	NA	1011	17.4	NA	10.6	NA	NA	NA
2018	10	27	20	0	280	6.2	NA	NA	NA	NA	NA	1011	17.5	NA	10.7	NA	-1	NA
2018	10	27	19	45	290	6.2	NA	NA	NA	NA	NA	1011	17.4	NA	10.9	NA	NA	NA
2018	10	27	19	30	290	5.7	NA	NA	NA	NA	NA	1011	17.4	NA	10.9	NA	NA	NA
2018	10	27	19	15	280	6.2	NA	NA	NA	NA	NA	1011	17	NA	10.7	NA	NA	NA
2018	10	27	19	0	280	6.7	NA	NA	NA	NA	NA	1011	16.9	NA	10.6	NA	-1	NA
2018	10	27	18	45	270	6.7	NA	NA	NA	NA	NA	1011	17	NA	10.7	NA	NA	NA
2018	10	27	18	30	280	6.7	NA	NA	NA	NA	NA	1011	17	NA	10.9	NA	NA	NA
2018	10	27	18	15	280	6.2	NA	NA	NA	NA	NA	1011	17	NA	10.7	NA	NA	NA
2018	10	27	18	0	280	6.2	NA	NA	NA	NA	NA	1011	17.1	NA	11	NA	-1	NA
2018	10	27	17	45	280	6.7	NA	NA	NA	NA	NA	1011	17.1	NA	10.6	NA	NA	NA
2018	10	27	17	30	280	6.2	NA	NA	NA	NA	NA	1011	17.2	NA	11.1	NA	NA	NA
2018	10	27	17	15	280	6.2	NA	NA	NA	NA	NA	1011	17.1	NA	11.2	NA	NA	NA
2018	10	27	17	0	290	6.2	NA	NA	NA	NA	NA	1012	16.9	NA	11.5	NA	0	NA
2018	10	27	16	45	290	5.1	NA	NA	NA	NA	NA	1012	17	NA	11.4	NA	NA	NA
2018	10	27	16	30	290	5.7	NA	NA	NA	NA	NA	1012	16.9	NA	11.3	NA	NA	NA
2018	10	27	16	15	280	5.7	NA	NA	NA	NA	NA	1012	16.6	NA	11	NA	NA	NA
2018	10	27	16	0	280	5.7	NA	NA	NA	NA	NA	1012	16.8	NA	11	NA	1	NA
2018	10	27	15	45	280	6.2	NA	NA	NA	NA	NA	1012	16.5	NA	10.9	NA	NA	NA
2018	10	27	15	30	280	5.7	NA	NA	NA	NA	NA	1012	16.4	NA	11.2	NA	NA	NA
2018	10	27	15	15	290	6.2	NA	NA	NA	NA	NA	1012	16.5	NA	11.3	NA	NA	NA
2018	10	27	15	0	280	7.2	NA	NA	NA	NA	NA	1012	16.6	NA	11.4	NA	2	NA
2018	10	27	14	45	290	6.2	NA	NA	NA	NA	NA	1012	16.7	NA	11.5	NA	NA	NA
2018	10	27	14	30	280	6.2	NA	NA	NA	NA	NA	1012	16.7	NA	11.3	NA	NA	NA
2018	10	27	14	15	290	6.2	NA	NA	NA	NA	NA	1012	16.9	NA	11.3	NA	NA	NA
2018	10	27	14	0	280	6.2	NA	NA	NA	NA	NA	1012	16.8	NA	11.2	NA	2	NA
2018	10	27	13	45	290	6.2	NA	NA	NA	NA	NA	1012	16.7	NA	11.5	NA	NA	NA
2018	10	27	13	30	280	5.1	NA	NA	NA	NA	NA	1012	16.5	NA	11.5	NA	NA	NA
2018	10	27	13	15	290	5.1	NA	NA	NA	NA	NA	1011	16.1	NA	11.7	NA	NA	NA
2018	10	27	13	0	290	5.7	NA	NA	NA	NA	NA	1011	15.8	NA	11.6	NA	2	NA
2018	10	27	12	45	280	5.1	NA	NA	NA	NA	NA	1011	15.8	NA	11.8	NA	NA	NA
2018	10	27	12	30	280	4.6	NA	NA	NA	NA	NA	1011	15.9	NA	12.3	NA	NA	NA
2018	10	27	12	15	270	4.6	NA	NA	NA	NA	NA	1011	15.9	NA	12.7	NA	NA	NA
2018	10	27	12	0	280	4.1	NA	NA	NA	NA	NA	1010	15.8	NA	12.6	NA	1	NA
2018	10	27	11	45	300	4.1	NA	NA	NA	NA	NA	1010	16	NA	12.6	NA	NA	NA
2018	10	27	11	30	300	4.1	NA	NA	NA	NA	NA	1010	16	NA	12.6	NA	NA	NA
2018	10	27	11	15	290	4.1	NA	NA	NA	NA	NA	1010	16	NA	12.8	NA	NA	NA
2018	10	27	11	0	290	3.1	NA	NA	NA	NA	NA	1010	16.1	NA	13.1	NA	1	NA
2018	10	27	10	45	290	3.6	NA	NA	NA	NA	NA	1009	16.1	NA	12.9	NA	NA	NA
2018	10	27	10	30	290	4.6	NA	NA	NA	NA	NA	1009	16.3	NA	13.1	NA	NA	NA
2018	10	27	10	15	280	4.6	NA	NA	NA	NA	NA	1009	16.3	NA	13.1	NA	NA	NA
2018	10	27	10	0	280	4.1	NA	NA	NA	NA	NA	1009	16.3	NA	13.3	NA	1	NA
2018	10	27	9	45	280	3.1	NA	NA	NA	NA	NA	1009	16.2	NA	13.4	NA	NA	NA
2018	10	27	9	30	290	3.1	NA	NA	NA	NA	NA	1009	16.2	NA	13.4	NA	NA	NA
2018	10	27	9	15	290	3.6	NA	NA	NA	NA	NA	1009	16.2	NA	13.2	NA	NA	NA
2018	10	27	9	0	280	4.1	NA	NA	NA	NA	NA	1009	16.2	NA	13.2	NA	1	NA
2018	10	27	8	45	280	4.1	NA	NA	NA	NA	NA	1009	16.3	NA	13.1	NA	NA	NA
2018	10	27	8	30	290	4.1	NA	NA	NA	NA	NA	1008	16.3	NA	13.1	NA	NA	NA
2018	10	27	8	15	280	4.1	NA	NA	NA	NA	NA	1009	16.4	NA	13.2	NA	NA	NA
2018	10	27	8	0	280	4.6	NA	NA	NA	NA	NA	1009	16.4	NA	13.2	NA	1	NA
2018	10	27	7	45	280	4.6	NA	NA	NA	NA	NA	1009	16.4	NA	13.2	NA	NA	NA
2018	10	27	7	30	280	4.6	NA	NA	NA	NA	NA	1009	16.5	NA	13.3	NA	NA	NA
2018	10	27	7	15	280	4.1	NA	NA	NA	NA	NA	1008	16.4	NA	13.4	NA	NA	NA
2018	10	27	7	0	280	4.1	NA	NA	NA	NA	NA	1008	16.4	NA	13.4	NA	1	NA
2018	10	27	6	45	290	4.1	NA	NA	NA	NA	NA	1008	16.3	NA	13.5	NA	NA	NA
2018	10	27	6	30	290	4.1	NA	NA	NA	NA	NA	1008	16.3	NA	13.6	NA	NA	NA
2018	10	27	6	15	300	4.1	NA	NA	NA	NA	NA	1008	16.4	NA	13.9	NA	NA	NA
2018	10	27	6	0	310	4.6	NA	NA	NA	NA	NA	1008	16.4	NA	13.7	NA	1	NA
2018	10	27	5	45	310	5.1	NA	NA	NA	NA	NA	1008	16.5	NA	13.8	NA	NA	NA
2018	10	27	5	30	310	4.6	NA	NA	NA	NA	NA	1008	16.7	NA	13.8	NA	NA	NA
2018	10	27	5	15	290	4.6	NA	NA	NA	NA	NA	1008	16.9	NA	13.9	NA	NA	NA
2018	10	27	5	0	300	3.6	NA	NA	NA	NA	NA	1008	17.1	NA	14.2	NA	2	NA
2018	10	27	4	45	300	5.1	NA	NA	NA	NA	NA	1007	17.2	NA	14.2	NA	NA	NA
2018	10	27	4	30	310	5.7	NA	NA	NA	NA	NA	1007	17.4	NA	14.2	NA	NA	NA
2018	10	27	4	15	310	5.7	NA	NA	NA	NA	NA	1007	17.6	NA	14.2	NA	NA	NA
2018	10	27	4	0	300	6.2	NA	NA	NA	NA	NA	1007	17.7	NA	14.3	NA	2	NA
2018	10	27	3	45	300	5.7	NA	NA	NA	NA	NA	1007	17.8	NA	14.6	NA	NA	NA
2018	10	27	3	30	300	5.1	NA	NA	NA	NA	NA	1007	18	NA	14.8	NA	NA	NA
2018	10	27	3	15	300	4.6	NA	NA	NA	NA	NA	1007	18.2	NA	14.9	NA	NA	NA
2018	10	27	3	0	310	4.1	NA	NA	NA	NA	NA	1007	18.5	NA	15.2	NA	4	NA
2018	10	27	2	45	310	6.2	NA	NA	NA	NA	NA	1007	18.7	NA	15.2	NA	NA	NA
2018	10	27	2	30	320	6.2	NA	NA	NA	NA	NA	1007	18.9	NA	15.4	NA	NA	NA
2018	10	27	2	15	320	5.7	NA	NA	NA	NA	NA	1006	19.2	NA	15.9	NA	NA	NA
2018	10	27	2	0	330	4.6	NA	NA	NA	NA	NA	1006	19.5	NA	16.6	NA	3	NA
2018	10	27	1	45	320	4.6	NA	NA	NA	NA	NA	1006	19.7	NA	16.8	NA	NA	NA
2018	10	27	1	30	330	5.1	NA	NA	NA	NA	NA	1006	20	NA	17.1	NA	NA	NA
2018	10	27	1	15	330	6.7	NA	NA	NA	NA	NA	1005	20.2	NA	17.3	NA	NA	NA
2018	10	27	1	0	330	7.2	NA	NA	NA	NA	NA	1005	20.9	NA	17.8	NA	3	NA
2018	10	27	0	45	320	7.2	NA	NA	NA	NA	NA	1005	22.1	NA	19	NA	NA	NA
2018	10	27	0	30	250	5.1	NA	NA	NA	NA	NA	1004	23.5	NA	20.9	NA	NA	NA
2018	10	27	0	15	220	4.6	NA	NA	NA	NA	NA	1004	23.6	NA	21	NA	NA	NA
2018	10	27	0	0	210	5.1	NA	NA	NA	NA	NA	1003	23.7	NA	21.1	NA	1	NA
2018	10	26	23	45	200	3.6	NA	NA	NA	NA	NA	1003	23.4	NA	21.2	NA	NA	NA
2018	10	26	23	30	200	3.6	NA	NA	NA	NA	NA	1003	23.5	NA	21.3	NA	NA	NA
2018	10	26	23	15	200	3.6	NA	NA	NA	NA	NA	1003	23.8	NA	21.6	NA	NA	NA
2018	10	26	23	0	210	3.1	NA	NA	NA	NA	NA	1003	23.9	NA	21.7	NA	0	NA
2018	10	26	22	45	220	3.1	NA	NA	NA	NA	NA	1003	24.8	NA	21.8	NA	NA	NA
2018	10	26	22	30	220	3.6	NA	NA	NA	NA	NA	1002	25	NA	21.8	NA	NA	NA
2018	10	26	22	15	230	4.6	NA	NA	NA	NA	NA	1002	24.7	NA	21.7	NA	NA	NA
2018	10	26	22	0	230	5.7	NA	NA	NA	NA	NA	1002	25.1	NA	21.7	NA	-1	NA
2018	10	26	21	45	220	5.7	NA	NA	NA	NA	NA	1002	25.5	NA	21.9	NA	NA	NA
2018	10	26	21	30	220	6.2	NA	NA	NA	NA	NA	1002	25.7	NA	21.5	NA	NA	NA
2018	10	26	21	15	220	6.7	NA	NA	NA	NA	NA	1002	26.2	NA	22	NA	NA	NA
2018	10	26	21	0	220	6.2	NA	NA	NA	NA	NA	1002	26.5	NA	22.5	NA	-3	NA
2018	10	26	20	45	200	5.1	NA	NA	NA	NA	NA	1002	26.8	NA	23	NA	NA	NA
2018	10	26	20	30	200	5.1	NA	NA	NA	NA	NA	1002	26.1	NA	23.1	NA	NA	NA
2018	10	26	20	15	190	5.7	NA	NA	NA	NA	NA	1003	24.6	NA	22.5	NA	NA	NA
2018	10	26	20	0	180	5.7	NA	NA	NA	NA	NA	1003	24.7	NA	22.6	NA	-3	NA
2018	10	26	19	45	190	5.1	NA	NA	NA	NA	NA	1003	24.1	NA	22.6	NA	NA	NA
2018	10	26	19	30	180	6.2	NA	NA	NA	NA	NA	1003	23.8	NA	22.5	NA	NA	NA
2018	10	26	19	15	180	6.7	NA	NA	NA	NA	NA	1003	24.1	NA	22.2	NA	NA	NA
2018	10	26	19	0	180	6.2	NA	NA	NA	NA	NA	1003	24.6	NA	22.3	NA	-4	NA
2018	10	26	18	45	190	5.7	NA	NA	NA	NA	NA	1004	24.7	NA	22.4	NA	NA	NA
2018	10	26	18	30	190	5.7	NA	NA	NA	NA	NA	1004	24.8	NA	22.5	NA	NA	NA
2018	10	26	18	15	180	5.1	NA	NA	NA	NA	NA	1004	24.9	NA	23	NA	NA	NA
2018	10	26	18	0	180	4.6	NA	NA	NA	NA	NA	1005	23.7	NA	22.7	NA	-3	NA
2018	10	26	17	45	190	4.6	NA	NA	NA	NA	NA	1005	23.3	NA	22.5	NA	NA	NA
2018	10	26	17	30	190	5.1	NA	NA	NA	NA	NA	1006	23.3	NA	22.3	NA	NA	NA
2018	10	26	17	15	190	6.2	NA	NA	NA	NA	NA	1006	23.3	NA	22.1	NA	NA	NA
2018	10	26	17	0	190	5.7	NA	NA	NA	NA	NA	1006	24.1	NA	21.7	NA	-2	NA
2018	10	26	16	45	190	5.7	NA	NA	NA	NA	NA	1006	24.3	NA	21.7	NA	NA	NA
2018	10	26	16	30	190	5.7	NA	NA	NA	NA	NA	1007	24.6	NA	21.6	NA	NA	NA
2018	10	26	16	15	190	5.7	NA	NA	NA	NA	NA	1007	25.2	NA	22	NA	NA	NA
2018	10	26	16	0	180	5.7	NA	NA	NA	NA	NA	1007	25.1	NA	22.5	NA	-1	NA
2018	10	26	15	45	170	6.2	NA	NA	NA	NA	NA	1007	25.2	NA	22.4	NA	NA	NA
2018	10	26	15	30	170	5.7	NA	NA	NA	NA	NA	1007	25.2	NA	22.2	NA	NA	NA
2018	10	26	15	15	170	5.7	NA	NA	NA	NA	NA	1007	26	NA	22.4	NA	NA	NA
2018	10	26	15	0	160	5.1	NA	NA	NA	NA	NA	1008	26	NA	22.4	NA	-1	NA
2018	10	26	14	45	150	5.1	NA	NA	NA	NA	NA	1007	25.4	NA	22.2	NA	NA	NA
2018	10	26	14	30	140	5.7	NA	NA	NA	NA	NA	1008	25.5	NA	21.9	NA	NA	NA
2018	10	26	14	15	140	5.1	NA	NA	NA	NA	NA	1008	25	NA	21.4	NA	NA	NA
2018	10	26	14	0	140	5.7	NA	NA	NA	NA	NA	1008	24.6	NA	21	NA	-1	NA
2018	10	26	13	45	140	5.1	NA	NA	NA	NA	NA	1008	24.7	NA	20.9	NA	NA	NA
2018	10	26	13	30	140	4.6	NA	NA	NA	NA	NA	1008	24	NA	20.4	NA	NA	NA
2018	10	26	13	15	140	5.7	NA	NA	NA	NA	NA	1008	24.5	NA	20.5	NA	NA	NA
2018	10	26	13	0	140	5.1	NA	NA	NA	NA	NA	1008	23.6	NA	20.2	NA	-1	NA
2018	10	26	12	45	140	5.1	NA	NA	NA	NA	NA	1009	23.3	NA	19.7	NA	NA	NA
2018	10	26	12	30	140	4.6	NA	NA	NA	NA	NA	1009	23.3	NA	19.3	NA	NA	NA
2018	10	26	12	15	130	5.1	NA	NA	NA	NA	NA	1009	23.2	NA	19	NA	NA	NA
2018	10	26	12	0	130	5.1	NA	NA	NA	NA	NA	1009	23.1	NA	18.9	NA	-1	NA
2018	10	26	11	45	130	5.1	NA	NA	NA	NA	NA	1009	23	NA	18.8	NA	NA	NA
2018	10	26	11	30	130	4.6	NA	NA	NA	NA	NA	1009	22.9	NA	17.9	NA	NA	NA
2018	10	26	11	15	130	5.1	NA	NA	NA	NA	NA	1009	22.7	NA	17.9	NA	NA	NA
2018	10	26	11	0	130	4.6	NA	NA	NA	NA	NA	1009	22.5	NA	18.2	NA	-2	NA
2018	10	26	10	45	130	5.7	NA	NA	NA	NA	NA	1009	22.6	NA	18	NA	NA	NA
2018	10	26	10	30	130	5.1	NA	NA	NA	NA	NA	1009	22.6	NA	18.5	NA	NA	NA
2018	10	26	10	15	140	5.1	NA	NA	NA	NA	NA	1009	22.6	NA	18.3	NA	NA	NA
2018	10	26	10	0	130	5.7	NA	NA	NA	NA	NA	1009	22.5	NA	17.7	NA	-2	NA
2018	10	26	9	45	120	5.1	NA	NA	NA	NA	NA	1010	22.4	NA	17.9	NA	NA	NA
2018	10	26	9	30	120	4.6	NA	NA	NA	NA	NA	1010	22.3	NA	17.5	NA	NA	NA
2018	10	26	9	15	120	5.1	NA	NA	NA	NA	NA	1010	22.2	NA	17.2	NA	NA	NA
2018	10	26	9	0	130	4.6	NA	NA	NA	NA	NA	1010	22	NA	17.5	NA	-2	NA
2018	10	26	8	45	120	4.1	NA	NA	NA	NA	NA	1010	21.7	NA	17.4	NA	NA	NA
2018	10	26	8	30	120	4.1	NA	NA	NA	NA	NA	1010	21.5	NA	17.4	NA	NA	NA
2018	10	26	8	15	120	5.1	NA	NA	NA	NA	NA	1011	21.6	NA	17.5	NA	NA	NA
2018	10	26	8	0	120	5.1	NA	NA	NA	NA	NA	1011	21.6	NA	17.7	NA	-2	NA
2018	10	26	7	45	120	4.6	NA	NA	NA	NA	NA	1011	21.4	NA	17.5	NA	NA	NA
2018	10	26	7	30	120	4.1	NA	NA	NA	NA	NA	1011	21.2	NA	17.5	NA	NA	NA
2018	10	26	7	15	120	4.6	NA	NA	NA	NA	NA	1011	21.1	NA	17.8	NA	NA	NA
2018	10	26	7	0	120	4.6	NA	NA	NA	NA	NA	1011	21.1	NA	18.2	NA	-3	NA
2018	10	26	6	45	130	4.6	NA	NA	NA	NA	NA	1012	21.1	NA	18	NA	NA	NA
2018	10	26	6	30	130	5.1	NA	NA	NA	NA	NA	1012	21	NA	18.1	NA	NA	NA
2018	10	26	6	15	120	5.1	NA	NA	NA	NA	NA	1012	20.9	NA	18.3	NA	NA	NA
2018	10	26	6	0	130	4.1	NA	NA	NA	NA	NA	1012	20.8	NA	18.2	NA	-2	NA
2018	10	26	5	45	130	4.1	NA	NA	NA	NA	NA	1012	20.5	NA	17.9	NA	NA	NA
2018	10	26	5	30	130	3.6	NA	NA	NA	NA	NA	1012	20.2	NA	17.8	NA	NA	NA
2018	10	26	5	15	140	4.6	NA	NA	NA	NA	NA	1013	20	NA	18	NA	NA	NA
2018	10	26	5	0	140	4.1	NA	NA	NA	NA	NA	1013	19.8	NA	17.8	NA	-2	NA
2018	10	26	4	45	140	4.6	NA	NA	NA	NA	NA	1013	20.1	NA	18.3	NA	NA	NA
2018	10	26	4	30	140	4.6	NA	NA	NA	NA	NA	1013	20.1	NA	18.1	NA	NA	NA
2018	10	26	4	15	140	5.1	NA	NA	NA	NA	NA	1013	20.2	NA	17.8	NA	NA	NA
2018	10	26	4	0	140	5.7	NA	NA	NA	NA	NA	1014	20.4	NA	18	NA	-1	NA
2018	10	26	3	45	130	4.1	NA	NA	NA	NA	NA	1014	20.4	NA	18.2	NA	NA	NA
2018	10	26	3	30	130	4.1	NA	NA	NA	NA	NA	1014	20.1	NA	17.9	NA	NA	NA
2018	10	26	3	15	130	4.6	NA	NA	NA	NA	NA	1014	19.9	NA	17.9	NA	NA	NA
2018	10	26	3	0	130	4.1	NA	NA	NA	NA	NA	1014	19.8	NA	18	NA	-1	NA
2018	10	26	2	45	120	4.1	NA	NA	NA	NA	NA	1014	19.6	NA	18.1	NA	NA	NA
2018	10	26	2	30	110	3.6	NA	NA	NA	NA	NA	1014	19.1	NA	17.5	NA	NA	NA
2018	10	26	2	15	120	3.6	NA	NA	NA	NA	NA	1015	19	NA	17	NA	NA	NA
2018	10	26	2	0	120	3.1	NA	NA	NA	NA	NA	1015	19	NA	17.2	NA	0	NA
2018	10	26	1	45	130	3.1	NA	NA	NA	NA	NA	1015	19.2	NA	17.6	NA	NA	NA
2018	10	26	1	30	120	3.1	NA	NA	NA	NA	NA	1015	19.5	NA	18	NA	NA	NA
2018	10	26	1	15	110	2.1	NA	NA	NA	NA	NA	1015	19.6	NA	18.1	NA	NA	NA
2018	10	26	1	0	110	4.1	NA	NA	NA	NA	NA	1015	20	NA	18.2	NA	-1	NA
2018	10	26	0	45	80	5.1	NA	NA	NA	NA	NA	1015	20.5	NA	17.9	NA	NA	NA
2018	10	26	0	30	70	5.1	NA	NA	NA	NA	NA	1015	21	NA	17.7	NA	NA	NA
2018	10	26	0	15	70	5.7	NA	NA	NA	NA	NA	1015	21.4	NA	17.1	NA	NA	NA
2018	10	26	0	0	70	5.7	NA	NA	NA	NA	NA	1015	21.4	NA	17.1	NA	-1	NA
2018	10	25	23	45	70	6.2	NA	NA	NA	NA	NA	1015	21.4	NA	17.1	NA	NA	NA
2018	10	25	23	30	70	5.7	NA	NA	NA	NA	NA	1015	21.3	NA	16.8	NA	NA	NA
2018	10	25	23	15	70	5.7	NA	NA	NA	NA	NA	1015	21.2	NA	16.7	NA	NA	NA
2018	10	25	23	0	70	5.7	NA	NA	NA	NA	NA	1015	21.2	NA	16.5	NA	-1	NA
2018	10	25	22	45	70	5.1	NA	NA	NA	NA	NA	1016	21.2	NA	16.5	NA	NA	NA
2018	10	25	22	30	60	5.1	NA	NA	NA	NA	NA	1016	21.2	NA	16.5	NA	NA	NA
2018	10	25	22	15	60	5.1	NA	NA	NA	NA	NA	1016	21.2	NA	16.3	NA	NA	NA
2018	10	25	22	0	60	4.1	NA	NA	NA	NA	NA	1016	21.1	NA	16.2	NA	-1	NA
2018	10	25	21	45	60	5.1	NA	NA	NA	NA	NA	1016	21.1	NA	16	NA	NA	NA
2018	10	25	21	30	60	5.7	NA	NA	NA	NA	NA	1016	21.1	NA	16	NA	NA	NA
2018	10	25	21	15	60	6.2	NA	NA	NA	NA	NA	1016	21.2	NA	15.8	NA	NA	NA
2018	10	25	21	0	60	5.7	NA	NA	NA	NA	NA	1016	21.2	NA	15.8	NA	-2	NA
2018	10	25	20	45	60	5.7	NA	NA	NA	NA	NA	1016	21.4	NA	15.8	NA	NA	NA
2018	10	25	20	30	50	5.7	NA	NA	NA	NA	NA	1016	21.6	NA	15.8	NA	NA	NA
2018	10	25	20	15	50	6.2	NA	NA	NA	NA	NA	1016	21.7	NA	15.9	NA	NA	NA
2018	10	25	20	0	50	5.7	NA	NA	NA	NA	NA	1016	21.9	NA	15.9	NA	-2	NA
2018	10	25	19	45	50	6.2	NA	NA	NA	NA	NA	1016	22.3	NA	16	NA	NA	NA
2018	10	25	19	30	50	7.2	NA	NA	NA	NA	NA	1017	22.2	NA	15.7	NA	NA	NA
2018	10	25	19	15	40	7.2	NA	NA	NA	NA	NA	1017	23.2	NA	15.9	NA	NA	NA
2018	10	25	19	0	50	6.7	NA	NA	NA	NA	NA	1017	23	NA	16	NA	-2	NA
2018	10	25	18	45	40	6.7	NA	NA	NA	NA	NA	1017	23.3	NA	16	NA	NA	NA
2018	10	25	18	30	50	6.7	NA	NA	NA	NA	NA	1017	23.2	NA	16.2	NA	NA	NA
2018	10	25	18	15	50	6.2	NA	NA	NA	NA	NA	1017	22.5	NA	16	NA	NA	NA
2018	10	25	18	0	50	5.1	NA	NA	NA	NA	NA	1018	22.3	NA	16	NA	-1	NA
2018	10	25	17	45	50	5.7	NA	NA	NA	NA	NA	1018	22.1	NA	15.8	NA	NA	NA
2018	10	25	17	30	50	5.1	NA	NA	NA	NA	NA	1018	22.4	NA	15.9	NA	NA	NA
2018	10	25	17	15	60	6.2	NA	NA	NA	NA	NA	1018	22.6	NA	15.8	NA	NA	NA
2018	10	25	17	0	70	6.7	NA	NA	NA	NA	NA	1018	22.5	NA	15.7	NA	-1	NA
2018	10	25	16	45	70	7.2	NA	NA	NA	NA	NA	1019	23.2	NA	15.7	NA	NA	NA
2018	10	25	16	30	60	6.7	NA	NA	NA	NA	NA	1018	23.3	NA	15.8	NA	NA	NA
2018	10	25	16	15	60	7.2	NA	NA	NA	NA	NA	1019	23	NA	15.5	NA	NA	NA
2018	10	25	16	0	70	6.7	NA	NA	NA	NA	NA	1019	23	NA	15.5	NA	0	NA
2018	10	25	15	45	60	6.7	NA	NA	NA	NA	NA	1019	22.7	NA	15.4	NA	NA	NA
2018	10	25	15	30	70	6.2	NA	NA	NA	NA	NA	1019	22.6	NA	15.4	NA	NA	NA
2018	10	25	15	15	70	6.2	NA	NA	NA	NA	NA	1019	22.6	NA	15.1	NA	NA	NA
2018	10	25	15	0	70	6.2	NA	NA	NA	NA	NA	1019	22.5	NA	14.8	NA	0	NA
2018	10	25	14	45	70	6.2	NA	NA	NA	NA	NA	1019	22.4	NA	14.4	NA	NA	NA
2018	10	25	14	30	70	6.7	NA	NA	NA	NA	NA	1019	22.1	NA	14.4	NA	NA	NA
2018	10	25	14	15	60	6.7	NA	NA	NA	NA	NA	1019	22.2	NA	14.5	NA	NA	NA
2018	10	25	14	0	70	6.2	NA	NA	NA	NA	NA	1019	21.9	NA	14.4	NA	1	NA
2018	10	25	13	45	70	5.7	NA	NA	NA	NA	NA	1019	21.4	NA	14.4	NA	NA	NA
2018	10	25	13	30	60	5.7	NA	NA	NA	NA	NA	1019	20.8	NA	14.1	NA	NA	NA
2018	10	25	13	15	60	5.1	NA	NA	NA	NA	NA	1019	20.6	NA	13.9	NA	NA	NA
2018	10	25	13	0	60	4.6	NA	NA	NA	NA	NA	1019	20.5	NA	13.8	NA	0	NA
2018	10	25	12	45	50	3.6	NA	NA	NA	NA	NA	1019	20	NA	13.8	NA	NA	NA
2018	10	25	12	30	10	3.1	NA	NA	NA	NA	NA	1019	18.3	NA	15.6	NA	NA	NA
2018	10	25	12	15	10	3.6	NA	NA	NA	NA	NA	1019	17.5	NA	15	NA	NA	NA
2018	10	25	12	0	10	4.1	NA	NA	NA	NA	NA	1019	16.7	NA	14.4	NA	1	NA
2018	10	25	11	45	10	3.6	NA	NA	NA	NA	NA	1019	16.4	NA	14.3	NA	NA	NA
2018	10	25	11	30	10	3.1	NA	NA	NA	NA	NA	1019	16.1	NA	14.1	NA	NA	NA
2018	10	25	11	15	20	4.1	NA	NA	NA	NA	NA	1018	15.6	NA	13.5	NA	NA	NA
2018	10	25	11	0	20	4.6	NA	NA	NA	NA	NA	1018	15.6	NA	13.5	NA	-1	NA
2018	10	25	10	45	20	4.6	NA	NA	NA	NA	NA	1018	15.6	NA	13.7	NA	NA	NA
2018	10	25	10	30	10	3.6	NA	NA	NA	NA	NA	1018	15.3	NA	13.5	NA	NA	NA
2018	10	25	10	15	20	3.6	NA	NA	NA	NA	NA	1018	14.9	NA	13	NA	NA	NA
2018	10	25	10	0	20	4.1	NA	NA	NA	NA	NA	1019	15.3	NA	13.2	NA	0	NA
2018	10	25	9	45	20	3.6	NA	NA	NA	NA	NA	1019	15.2	NA	12.9	NA	NA	NA
2018	10	25	9	30	360	4.1	NA	NA	NA	NA	NA	1019	15.5	NA	13.2	NA	NA	NA
2018	10	25	9	15	360	3.1	NA	NA	NA	NA	NA	1019	15.2	NA	12.9	NA	NA	NA
2018	10	25	9	0	20	3.1	NA	NA	NA	NA	NA	1018	14.8	NA	12.2	NA	-2	NA
2018	10	25	8	45	20	3.6	NA	NA	NA	NA	NA	1018	14.9	NA	12.4	NA	NA	NA
2018	10	25	8	30	20	5.1	NA	NA	NA	NA	NA	1018	15.4	NA	12.6	NA	NA	NA
2018	10	25	8	15	20	4.6	NA	NA	NA	NA	NA	1019	15.6	NA	12.8	NA	NA	NA
2018	10	25	8	0	10	4.6	NA	NA	NA	NA	NA	1019	15.8	NA	13	NA	-1	NA
2018	10	25	7	45	20	3.6	NA	NA	NA	NA	NA	1019	15.8	NA	12.8	NA	NA	NA
2018	10	25	7	30	20	3.1	NA	NA	NA	NA	NA	1019	16.2	NA	13	NA	NA	NA
2018	10	25	7	15	20	3.1	NA	NA	NA	NA	NA	1019	17.9	NA	12.7	NA	NA	NA
2018	10	25	7	0	50	3.6	NA	NA	NA	NA	NA	1019	18.3	NA	12	NA	-1	NA
2018	10	25	6	45	50	3.6	NA	NA	NA	NA	NA	1019	18.5	NA	11.9	NA	NA	NA
2018	10	25	6	30	50	3.6	NA	NA	NA	NA	NA	1020	18.6	NA	11.8	NA	NA	NA
2018	10	25	6	15	50	3.6	NA	NA	NA	NA	NA	1020	18.6	NA	11.8	NA	NA	NA
2018	10	25	6	0	50	4.1	NA	NA	NA	NA	NA	1020	18.7	NA	11.6	NA	0	NA
2018	10	25	5	45	50	4.1	NA	NA	NA	NA	NA	1020	18.6	NA	11.5	NA	NA	NA
2018	10	25	5	30	50	3.6	NA	NA	NA	NA	NA	1020	18.3	NA	11.7	NA	NA	NA
2018	10	25	5	15	50	3.6	NA	NA	NA	NA	NA	1020	18.5	NA	11.7	NA	NA	NA
2018	10	25	5	0	50	3.6	NA	NA	NA	NA	NA	1020	18.3	NA	11.3	NA	0	NA
2018	10	25	4	45	50	4.1	NA	NA	NA	NA	NA	1020	18.7	NA	11.6	NA	NA	NA
2018	10	25	4	30	60	3.6	NA	NA	NA	NA	NA	1020	18.6	NA	11.8	NA	NA	NA
2018	10	25	4	15	60	4.1	NA	NA	NA	NA	NA	1020	18.9	NA	11.3	NA	NA	NA
2018	10	25	4	0	60	4.1	NA	NA	NA	NA	NA	1020	18.8	NA	11.3	NA	0	NA
2018	10	25	3	45	60	4.6	NA	NA	NA	NA	NA	1020	18.8	NA	11	NA	NA	NA
2018	10	25	3	30	50	4.1	NA	NA	NA	NA	NA	1020	18.7	NA	11.2	NA	NA	NA
2018	10	25	3	15	50	4.6	NA	NA	NA	NA	NA	1020	18.8	NA	11	NA	NA	NA
2018	10	25	3	0	50	3.6	NA	NA	NA	NA	NA	1020	18.8	NA	11	NA	1	NA
2018	10	25	2	45	50	3.6	NA	NA	NA	NA	NA	1020	18.8	NA	11	NA	NA	NA
2018	10	25	2	30	50	4.1	NA	NA	NA	NA	NA	1020	18.9	NA	11.1	NA	NA	NA
2018	10	25	2	15	50	3.6	NA	NA	NA	NA	NA	1020	18.9	NA	10.9	NA	NA	NA
2018	10	25	2	0	50	3.1	NA	NA	NA	NA	NA	1020	19	NA	10.4	NA	1	NA
2018	10	25	1	45	50	3.6	NA	NA	NA	NA	NA	1020	19.2	NA	10.1	NA	NA	NA
2018	10	25	1	30	50	3.1	NA	NA	NA	NA	NA	1020	18.8	NA	10.5	NA	NA	NA
2018	10	25	1	15	50	3.1	NA	NA	NA	NA	NA	1020	18.8	NA	10.2	NA	NA	NA
2018	10	25	1	0	50	3.6	NA	NA	NA	NA	NA	1020	18.6	NA	9.8	NA	1	NA
2018	10	25	0	45	50	3.6	NA	NA	NA	NA	NA	1020	18.4	NA	9.6	NA	NA	NA
2018	10	25	0	30	50	3.6	NA	NA	NA	NA	NA	1020	18.2	NA	9.4	NA	NA	NA
2018	10	25	0	15	50	3.6	NA	NA	NA	NA	NA	1020	18.1	NA	9.3	NA	NA	NA
2018	10	25	0	0	40	4.1	NA	NA	NA	NA	NA	1019	18.1	NA	9.3	NA	0	NA
2018	10	24	23	45	50	4.1	NA	NA	NA	NA	NA	1019	18	NA	9.2	NA	NA	NA
2018	10	24	23	30	50	3.6	NA	NA	NA	NA	NA	1019	18	NA	9.5	NA	NA	NA
2018	10	24	23	15	50	3.6	NA	NA	NA	NA	NA	1019	18.1	NA	9.8	NA	NA	NA
2018	10	24	23	0	50	4.1	NA	NA	NA	NA	NA	1019	18.2	NA	9.9	NA	0	NA
2018	10	24	22	45	50	3.6	NA	NA	NA	NA	NA	1019	18.5	NA	11	NA	NA	NA
2018	10	24	22	30	40	3.6	NA	NA	NA	NA	NA	1019	18.9	NA	11.6	NA	NA	NA
2018	10	24	22	15	50	4.6	NA	NA	NA	NA	NA	1019	19.4	NA	11.8	NA	NA	NA
2018	10	24	22	0	40	4.1	NA	NA	NA	NA	NA	1019	20	NA	11.9	NA	0	NA
2018	10	24	21	45	40	5.7	NA	NA	NA	NA	NA	1019	20.6	NA	12.2	NA	NA	NA
2018	10	24	21	30	40	5.7	NA	NA	NA	NA	NA	1019	21	NA	12.8	NA	NA	NA
2018	10	24	21	15	50	5.7	NA	NA	NA	NA	NA	1019	21.3	NA	13.1	NA	NA	NA
2018	10	24	21	0	40	6.2	NA	NA	NA	NA	NA	1019	21.7	NA	13.2	NA	-1	NA
2018	10	24	20	45	40	6.2	NA	NA	NA	NA	NA	1019	21.7	NA	13.5	NA	NA	NA
2018	10	24	20	30	50	6.7	NA	NA	NA	NA	NA	1019	21.8	NA	13.8	NA	NA	NA
2018	10	24	20	15	40	7.2	NA	NA	NA	NA	NA	1019	22	NA	14.3	NA	NA	NA
2018	10	24	20	0	40	6.2	NA	NA	NA	NA	NA	1019	22.8	NA	14.8	NA	-1	NA
2018	10	24	19	45	50	6.2	NA	NA	NA	NA	NA	1019	22.8	NA	14.5	NA	NA	NA
2018	10	24	19	30	50	5.7	NA	NA	NA	NA	NA	1019	23	NA	14.7	NA	NA	NA
2018	10	24	19	15	40	6.7	NA	NA	NA	NA	NA	1019	22.9	NA	14.4	NA	NA	NA
2018	10	24	19	0	40	5.7	NA	NA	NA	NA	NA	1019	23	NA	14.5	NA	-2	NA
2018	10	24	18	45	30	7.2	NA	NA	NA	NA	NA	1019	22.5	NA	14.5	NA	NA	NA
2018	10	24	18	30	40	7.2	NA	NA	NA	NA	NA	1019	22.6	NA	14.3	NA	NA	NA
2018	10	24	18	15	30	8.2	NA	NA	NA	NA	NA	1019	22.6	NA	14.3	NA	NA	NA
2018	10	24	18	0	30	7.2	NA	NA	NA	NA	NA	1020	22.6	NA	14.1	NA	-1	NA
2018	10	24	17	45	40	8.2	NA	NA	NA	NA	NA	1020	22.8	NA	13.7	NA	NA	NA
2018	10	24	17	30	40	6.7	NA	NA	NA	NA	NA	1020	23	NA	13.7	NA	NA	NA
2018	10	24	17	15	40	7.7	NA	NA	NA	NA	NA	1020	22.6	NA	13	NA	NA	NA
2018	10	24	17	0	40	7.2	NA	NA	NA	NA	NA	1020	22.8	NA	13.2	NA	0	NA
2018	10	24	16	45	40	6.7	NA	NA	NA	NA	NA	1021	22.9	NA	12.7	NA	NA	NA
2018	10	24	16	30	40	6.7	NA	NA	NA	NA	NA	1021	22.6	NA	12.7	NA	NA	NA
2018	10	24	16	15	30	7.2	NA	NA	NA	NA	NA	1021	22.2	NA	12.9	NA	NA	NA
2018	10	24	16	0	40	6.7	NA	NA	NA	NA	NA	1021	21.9	NA	12.9	NA	1	NA
2018	10	24	15	45	40	7.2	NA	NA	NA	NA	NA	1021	21.7	NA	12.4	NA	NA	NA
2018	10	24	15	30	40	5.7	NA	NA	NA	NA	NA	1021	21.9	NA	13.7	NA	NA	NA
2018	10	24	15	15	30	6.2	NA	NA	NA	NA	NA	1021	21.6	NA	13.9	NA	NA	NA
2018	10	24	15	0	20	6.2	NA	NA	NA	NA	NA	1021	21.6	NA	14.6	NA	2	NA
2018	10	24	14	45	10	6.7	NA	NA	NA	NA	NA	1021	21.3	NA	14.1	NA	NA	NA
2018	10	24	14	30	20	6.2	NA	NA	NA	NA	NA	1020	21.2	NA	13.8	NA	NA	NA
2018	10	24	14	15	30	6.2	NA	NA	NA	NA	NA	1020	20.8	NA	13.2	NA	NA	NA
2018	10	24	14	0	30	6.2	NA	NA	NA	NA	NA	1020	20.5	NA	13.4	NA	1	NA
2018	10	24	13	45	30	6.7	NA	NA	NA	NA	NA	1020	20.3	NA	13.2	NA	NA	NA
2018	10	24	13	30	30	6.2	NA	NA	NA	NA	NA	1020	20.3	NA	13.6	NA	NA	NA
2018	10	24	13	15	30	5.1	NA	NA	NA	NA	NA	1020	20.1	NA	14.3	NA	NA	NA
2018	10	24	13	0	30	5.7	NA	NA	NA	NA	NA	1020	19.8	NA	14.5	NA	1	NA
2018	10	24	12	45	30	5.7	NA	NA	NA	NA	NA	1019	19.4	NA	14.5	NA	NA	NA
2018	10	24	12	30	30	5.1	NA	NA	NA	NA	NA	1019	18.9	NA	14.9	NA	NA	NA
2018	10	24	12	15	30	4.1	NA	NA	NA	NA	NA	1019	18.1	NA	15.2	NA	NA	NA
2018	10	24	12	0	30	3.6	NA	NA	NA	NA	NA	1019	17.5	NA	15.4	NA	1	NA
2018	10	24	11	45	20	4.1	NA	NA	NA	NA	NA	1019	17.2	NA	15.6	NA	NA	NA
2018	10	24	11	30	10	3.6	NA	NA	NA	NA	NA	1019	17.3	NA	16	NA	NA	NA
2018	10	24	11	15	20	3.1	NA	NA	NA	NA	NA	1019	17	NA	15.5	NA	NA	NA
2018	10	24	11	0	20	4.1	NA	NA	NA	NA	NA	1019	17.2	NA	15.6	NA	1	NA
2018	10	24	10	45	20	4.6	NA	NA	NA	NA	NA	1019	17.3	NA	15.7	NA	NA	NA
2018	10	24	10	30	20	3.6	NA	NA	NA	NA	NA	1019	17.1	NA	15.6	NA	NA	NA
2018	10	24	10	15	10	3.1	NA	NA	NA	NA	NA	1019	17.3	NA	15.8	NA	NA	NA
2018	10	24	10	0	20	3.6	NA	NA	NA	NA	NA	1019	17.4	NA	16.1	NA	0	NA
2018	10	24	9	45	20	3.6	NA	NA	NA	NA	NA	1019	17.7	NA	16.2	NA	NA	NA
2018	10	24	9	30	10	4.1	NA	NA	NA	NA	NA	1018	18	NA	16.5	NA	NA	NA
2018	10	24	9	15	10	4.1	NA	NA	NA	NA	NA	1018	18	NA	16.7	NA	NA	NA
2018	10	24	9	0	360	3.6	NA	NA	NA	NA	NA	1018	18.2	NA	17.1	NA	-1	NA
2018	10	24	8	45	360	3.6	NA	NA	NA	NA	NA	1018	18.2	NA	17.1	NA	NA	NA
2018	10	24	8	30	360	3.6	NA	NA	NA	NA	NA	1018	18.3	NA	17.5	NA	NA	NA
2018	10	24	8	15	10	3.1	NA	NA	NA	NA	NA	1018	18.1	NA	17.3	NA	NA	NA
2018	10	24	8	0	10	3.1	NA	NA	NA	NA	NA	1018	18.4	NA	17.4	NA	-1	NA
2018	10	24	7	45	360	3.6	NA	NA	NA	NA	NA	1019	18.5	NA	17.5	NA	NA	NA
2018	10	24	7	30	360	3.1	NA	NA	NA	NA	NA	1019	18.7	NA	17.7	NA	NA	NA
2018	10	24	7	15	10	3.1	NA	NA	NA	NA	NA	1019	18.7	NA	17.7	NA	NA	NA
2018	10	24	7	0	360	3.1	NA	NA	NA	NA	NA	1019	18.8	NA	17.8	NA	0	NA
2018	10	24	6	45	360	3.1	NA	NA	NA	NA	NA	1019	18.7	NA	17.7	NA	NA	NA
2018	10	24	6	30	10	2.6	NA	NA	NA	NA	NA	1019	18.6	NA	17.5	NA	NA	NA
2018	10	24	6	15	360	3.1	NA	NA	NA	NA	NA	1019	18.9	NA	17.8	NA	NA	NA
2018	10	24	6	0	360	3.1	NA	NA	NA	NA	NA	1019	19	NA	17.9	NA	-1	NA
2018	10	24	5	45	360	3.1	NA	NA	NA	NA	NA	1019	19.1	NA	18	NA	NA	NA
2018	10	24	5	30	360	2.6	NA	NA	NA	NA	NA	1019	19	NA	18	NA	NA	NA
2018	10	24	5	15	10	2.1	NA	NA	NA	NA	NA	1019	18.9	NA	17.8	NA	NA	NA
2018	10	24	5	0	20	2.1	NA	NA	NA	NA	NA	1019	18.9	NA	17.8	NA	0	NA
2018	10	24	4	45	20	2.1	NA	NA	NA	NA	NA	1019	19.2	NA	17.9	NA	NA	NA
2018	10	24	4	30	360	2.6	NA	NA	NA	NA	NA	1019	19.4	NA	18.1	NA	NA	NA
2018	10	24	4	15	360	2.6	NA	NA	NA	NA	NA	1019	19.5	NA	18.4	NA	NA	NA
2018	10	24	4	0	360	2.6	NA	NA	NA	NA	NA	1019	19.6	NA	18.5	NA	0	NA
2018	10	24	3	45	360	3.1	NA	NA	NA	NA	NA	1019	19.7	NA	18.4	NA	NA	NA
2018	10	24	3	30	360	2.6	NA	NA	NA	NA	NA	1019	19.7	NA	18.6	NA	NA	NA
2018	10	24	3	15	360	3.1	NA	NA	NA	NA	NA	1019	19.8	NA	18.7	NA	NA	NA
2018	10	24	3	0	350	3.1	NA	NA	NA	NA	NA	1020	19.9	NA	18.8	NA	1	NA
2018	10	24	2	45	360	2.6	NA	NA	NA	NA	NA	1020	20	NA	18.9	NA	NA	NA
2018	10	24	2	30	360	2.6	NA	NA	NA	NA	NA	1020	20.1	NA	19	NA	NA	NA
2018	10	24	2	15	360	2.6	NA	NA	NA	NA	NA	1019	20.2	NA	19.1	NA	NA	NA
2018	10	24	2	0	360	2.6	NA	NA	NA	NA	NA	1019	20.4	NA	19.1	NA	0	NA
2018	10	24	1	45	360	3.1	NA	NA	NA	NA	NA	1019	20.5	NA	19.2	NA	NA	NA
2018	10	24	1	30	20	2.1	NA	NA	NA	NA	NA	1019	20.6	NA	19.3	NA	NA	NA
2018	10	24	1	15	20	2.1	NA	NA	NA	NA	NA	1019	20.6	NA	19.3	NA	NA	NA
2018	10	24	1	0	30	2.1	NA	NA	NA	NA	NA	1019	20.5	NA	19.2	NA	0	NA
2018	10	24	0	45	30	2.1	NA	NA	NA	NA	NA	1019	20.4	NA	19.3	NA	NA	NA
2018	10	24	0	30	30	1.5	NA	NA	NA	NA	NA	1019	20.3	NA	19.3	NA	NA	NA
2018	10	24	0	15	30	1.5	NA	NA	NA	NA	NA	1019	20.2	NA	19.2	NA	NA	NA
2018	10	24	0	0	30	2.1	NA	NA	NA	NA	NA	1019	20.2	NA	19.2	NA	0	NA
2018	10	23	23	45	30	2.1	NA	NA	NA	NA	NA	1019	20.2	NA	19.1	NA	NA	NA
2018	10	23	23	30	10	2.6	NA	NA	NA	NA	NA	1019	20.3	NA	19.2	NA	NA	NA
2018	10	23	23	15	20	2.6	NA	NA	NA	NA	NA	1019	20.2	NA	18.9	NA	NA	NA
2018	10	23	23	0	30	2.1	NA	NA	NA	NA	NA	1019	20.4	NA	18.9	NA	0	NA
2018	10	23	22	45	30	2.1	NA	NA	NA	NA	NA	1019	20.6	NA	19.3	NA	NA	NA
2018	10	23	22	30	30	2.1	NA	NA	NA	NA	NA	1019	20.9	NA	19.4	NA	NA	NA
2018	10	23	22	15	20	2.1	NA	NA	NA	NA	NA	1019	21.2	NA	19.7	NA	NA	NA
2018	10	23	22	0	40	1.5	NA	NA	NA	NA	NA	1019	21.3	NA	19.6	NA	0	NA
2018	10	23	21	45	40	1.5	NA	NA	NA	NA	NA	1019	21.5	NA	19.8	NA	NA	NA
2018	10	23	21	30	30	1.5	NA	NA	NA	NA	NA	1019	21.6	NA	19.7	NA	NA	NA
2018	10	23	21	15	30	2.6	NA	NA	NA	NA	NA	1019	21.7	NA	19.5	NA	NA	NA
2018	10	23	21	0	30	2.6	NA	NA	NA	NA	NA	1019	21.8	NA	19.2	NA	-1	NA
2018	10	23	20	45	20	2.6	NA	NA	NA	NA	NA	1019	21.9	NA	19.3	NA	NA	NA
2018	10	23	20	30	20	2.1	NA	NA	NA	NA	NA	1019	21.8	NA	19.2	NA	NA	NA
2018	10	23	20	15	20	2.1	NA	NA	NA	NA	NA	1019	21.7	NA	19.5	NA	NA	NA
2018	10	23	20	0	20	2.6	NA	NA	NA	NA	NA	1019	21.6	NA	19.2	NA	-3	NA
2018	10	23	19	45	360	2.6	NA	NA	NA	NA	NA	1019	21.5	NA	19.3	NA	NA	NA
2018	10	23	19	30	20	2.6	NA	NA	NA	NA	NA	1019	21.5	NA	19.3	NA	NA	NA
2018	10	23	19	15	20	2.6	NA	NA	NA	NA	NA	1019	21.6	NA	19.9	NA	NA	NA
2018	10	23	19	0	20	2.6	NA	NA	NA	NA	NA	1019	21.3	NA	19.8	NA	-2	NA
2018	10	23	18	45	20	2.6	NA	NA	NA	NA	NA	1019	20.7	NA	19.6	NA	NA	NA
2018	10	23	18	30	30	2.6	NA	NA	NA	NA	NA	1020	20.3	NA	19.5	NA	NA	NA
2018	10	23	18	15	40	3.1	NA	NA	NA	NA	NA	1020	19.9	NA	19.4	NA	NA	NA
2018	10	23	18	0	40	3.1	NA	NA	NA	NA	NA	1020	19.8	NA	19.3	NA	-2	NA
2018	10	23	17	45	30	3.6	NA	NA	NA	NA	NA	1020	19.8	NA	19.3	NA	NA	NA
2018	10	23	17	30	60	5.1	NA	NA	NA	NA	NA	1020	19.5	NA	19	NA	NA	NA
2018	10	23	17	15	70	5.1	NA	NA	NA	NA	NA	1021	19.5	NA	18.9	NA	NA	NA
2018	10	23	17	0	200	2.6	NA	NA	NA	NA	NA	1022	20.3	NA	19.5	NA	0	NA
2018	10	23	16	45	230	4.1	NA	NA	NA	NA	NA	1022	21.1	NA	19.8	NA	NA	NA
2018	10	23	16	30	320	1	NA	NA	NA	NA	NA	1022	22.3	NA	20.1	NA	NA	NA
2018	10	23	16	15	60	1	NA	NA	NA	NA	NA	1022	22.2	NA	19.8	NA	NA	NA
2018	10	23	16	0	40	2.6	NA	NA	NA	NA	NA	1021	22.1	NA	19.9	NA	0	NA
2018	10	23	15	45	40	3.1	NA	NA	NA	NA	NA	1022	21.8	NA	20.1	NA	NA	NA
2018	10	23	15	30	40	3.6	NA	NA	NA	NA	NA	1022	21.7	NA	19.8	NA	NA	NA
2018	10	23	15	15	30	4.1	NA	NA	NA	NA	NA	1022	21.9	NA	19.9	NA	NA	NA
2018	10	23	15	0	20	3.6	NA	NA	NA	NA	NA	1022	21.9	NA	19.7	NA	1	NA
2018	10	23	14	45	20	3.6	NA	NA	NA	NA	NA	1022	22.1	NA	19.7	NA	NA	NA
2018	10	23	14	30	30	4.1	NA	NA	NA	NA	NA	1022	22.1	NA	19.5	NA	NA	NA
2018	10	23	14	15	20	4.6	NA	NA	NA	NA	NA	1022	22	NA	19.4	NA	NA	NA
2018	10	23	14	0	10	5.1	NA	NA	NA	NA	NA	1022	21.8	NA	19.2	NA	1	NA
2018	10	23	13	45	20	4.6	NA	NA	NA	NA	NA	1022	21.5	NA	19.1	NA	NA	NA
2018	10	23	13	30	20	5.1	NA	NA	NA	NA	NA	1022	21.2	NA	18.8	NA	NA	NA
2018	10	23	13	15	20	5.1	NA	NA	NA	NA	NA	1021	20.8	NA	18.8	NA	NA	NA
2018	10	23	13	0	20	4.6	NA	NA	NA	NA	NA	1021	20.4	NA	18.4	NA	1	NA
2018	10	23	12	45	20	4.1	NA	NA	NA	NA	NA	1021	20.2	NA	18.4	NA	NA	NA
2018	10	23	12	30	30	4.1	NA	NA	NA	NA	NA	1021	20	NA	18.2	NA	NA	NA
2018	10	23	12	15	30	4.1	NA	NA	NA	NA	NA	1021	19.8	NA	18	NA	NA	NA
2018	10	23	12	0	30	4.1	NA	NA	NA	NA	NA	1021	19.7	NA	17.9	NA	1	NA
2018	10	23	11	45	20	4.6	NA	NA	NA	NA	NA	1021	19.5	NA	17.7	NA	NA	NA
2018	10	23	11	30	20	5.1	NA	NA	NA	NA	NA	1021	19.4	NA	17.6	NA	NA	NA
2018	10	23	11	15	10	4.6	NA	NA	NA	NA	NA	1021	19.5	NA	17.9	NA	NA	NA
2018	10	23	11	0	10	3.6	NA	NA	NA	NA	NA	1021	19.3	NA	17.8	NA	1	NA
2018	10	23	10	45	20	3.6	NA	NA	NA	NA	NA	1021	19.2	NA	17.7	NA	NA	NA
2018	10	23	10	30	10	4.1	NA	NA	NA	NA	NA	1020	19.3	NA	17.8	NA	NA	NA
2018	10	23	10	15	20	3.6	NA	NA	NA	NA	NA	1020	18.9	NA	17.4	NA	NA	NA
2018	10	23	10	0	20	3.6	NA	NA	NA	NA	NA	1020	18.8	NA	17.5	NA	-1	NA
2018	10	23	9	45	20	4.1	NA	NA	NA	NA	NA	1020	18.8	NA	17.5	NA	NA	NA
2018	10	23	9	30	20	4.1	NA	NA	NA	NA	NA	1020	18.8	NA	17.5	NA	NA	NA
2018	10	23	9	15	20	3.6	NA	NA	NA	NA	NA	1020	18.6	NA	17.3	NA	NA	NA
2018	10	23	9	0	20	3.6	NA	NA	NA	NA	NA	1020	18.5	NA	17.2	NA	-1	NA
2018	10	23	8	45	30	4.1	NA	NA	NA	NA	NA	1020	18.5	NA	17.2	NA	NA	NA
2018	10	23	8	30	20	4.1	NA	NA	NA	NA	NA	1020	18.6	NA	17.3	NA	NA	NA
2018	10	23	8	15	20	4.6	NA	NA	NA	NA	NA	1020	18.7	NA	17.2	NA	NA	NA
2018	10	23	8	0	20	4.6	NA	NA	NA	NA	NA	1020	18.8	NA	17.5	NA	-1	NA
2018	10	23	7	45	20	4.1	NA	NA	NA	NA	NA	1021	18.8	NA	17.5	NA	NA	NA
2018	10	23	7	30	10	4.1	NA	NA	NA	NA	NA	1021	18.9	NA	17.6	NA	NA	NA
2018	10	23	7	15	10	3.6	NA	NA	NA	NA	NA	1021	19	NA	17.7	NA	NA	NA
2018	10	23	7	0	10	3.6	NA	NA	NA	NA	NA	1021	18.9	NA	17.4	NA	-1	NA
2018	10	23	6	45	10	3.1	NA	NA	NA	NA	NA	1021	19	NA	17.5	NA	NA	NA
2018	10	23	6	30	20	3.1	NA	NA	NA	NA	NA	1021	19	NA	17.5	NA	NA	NA
2018	10	23	6	15	20	2.6	NA	NA	NA	NA	NA	1021	19.1	NA	17.5	NA	NA	NA
2018	10	23	6	0	20	3.1	NA	NA	NA	NA	NA	1021	19.2	NA	17.7	NA	-2	NA
2018	10	23	5	45	30	2.6	NA	NA	NA	NA	NA	1021	19	NA	17.5	NA	NA	NA
2018	10	23	5	30	20	2.1	NA	NA	NA	NA	NA	1021	19.1	NA	17.6	NA	NA	NA
2018	10	23	5	15	20	2.6	NA	NA	NA	NA	NA	1021	19.3	NA	17.7	NA	NA	NA
2018	10	23	5	0	20	1.5	NA	NA	NA	NA	NA	1021	19	NA	17.4	NA	-2	NA
2018	10	23	4	45	20	2.1	NA	NA	NA	NA	NA	1021	19.3	NA	17.5	NA	NA	NA
2018	10	23	4	30	20	1.5	NA	NA	NA	NA	NA	1022	19.4	NA	17.6	NA	NA	NA
2018	10	23	4	15	10	2.6	NA	NA	NA	NA	NA	1022	19.5	NA	17.5	NA	NA	NA
2018	10	23	4	0	10	2.6	NA	NA	NA	NA	NA	1022	20.1	NA	17.6	NA	-1	NA
2018	10	23	3	45	10	1	NA	NA	NA	NA	NA	1022	20.3	NA	17.4	NA	NA	NA
2018	10	23	3	30	10	1.5	NA	NA	NA	NA	NA	1022	20.3	NA	17.4	NA	NA	NA
2018	10	23	3	15	20	1	NA	NA	NA	NA	NA	1023	20.1	NA	17.2	NA	NA	NA
2018	10	23	3	0	30	2.1	NA	NA	NA	NA	NA	1023	20.1	NA	17.2	NA	0	NA
2018	10	23	2	45	40	3.1	NA	NA	NA	NA	NA	1023	20.1	NA	17.4	NA	NA	NA
2018	10	23	2	30	20	3.6	NA	NA	NA	NA	NA	1023	20.4	NA	17.5	NA	NA	NA
2018	10	23	2	15	10	2.6	NA	NA	NA	NA	NA	1023	20.3	NA	17.4	NA	NA	NA
2018	10	23	2	0	40	2.6	NA	NA	NA	NA	NA	1023	20.1	NA	17	NA	1	NA
2018	10	23	1	45	40	2.6	NA	NA	NA	NA	NA	1023	20.1	NA	17	NA	NA	NA
2018	10	23	1	30	50	3.6	NA	NA	NA	NA	NA	1023	19.9	NA	16.8	NA	NA	NA
2018	10	23	1	15	40	3.1	NA	NA	NA	NA	NA	1023	20	NA	16.5	NA	NA	NA
2018	10	23	1	0	50	1.5	NA	NA	NA	NA	NA	1023	20.3	NA	16.2	NA	0	NA
2018	10	23	0	45	40	1.5	NA	NA	NA	NA	NA	1023	20.4	NA	15.9	NA	NA	NA
2018	10	23	0	30	50	2.1	NA	NA	NA	NA	NA	1023	20.4	NA	15.7	NA	NA	NA
2018	10	23	0	15	30	2.1	NA	NA	NA	NA	NA	1023	20.3	NA	15.8	NA	NA	NA
2018	10	23	0	0	30	2.6	NA	NA	NA	NA	NA	1023	20.3	NA	15.8	NA	0	NA
2018	10	22	23	45	40	3.1	NA	NA	NA	NA	NA	1023	20.1	NA	15.6	NA	NA	NA
2018	10	22	23	30	30	2.6	NA	NA	NA	NA	NA	1023	20	NA	15.3	NA	NA	NA
2018	10	22	23	15	40	3.1	NA	NA	NA	NA	NA	1022	20.1	NA	15	NA	NA	NA
2018	10	22	23	0	40	3.1	NA	NA	NA	NA	NA	1022	20.1	NA	15	NA	-1	NA
2018	10	22	22	45	40	3.1	NA	NA	NA	NA	NA	1022	20.5	NA	15.2	NA	NA	NA
2018	10	22	22	30	40	3.1	NA	NA	NA	NA	NA	1023	21	NA	15.2	NA	NA	NA
2018	10	22	22	15	50	3.6	NA	NA	NA	NA	NA	1023	21.3	NA	15.1	NA	NA	NA
2018	10	22	22	0	50	3.1	NA	NA	NA	NA	NA	1023	21.6	NA	15.1	NA	0	NA
2018	10	22	21	45	60	4.1	NA	NA	NA	NA	NA	1023	21.5	NA	14.5	NA	NA	NA
2018	10	22	21	30	50	4.1	NA	NA	NA	NA	NA	1023	22.3	NA	15.1	NA	NA	NA
2018	10	22	21	15	50	4.6	NA	NA	NA	NA	NA	1023	22	NA	15.7	NA	NA	NA
2018	10	22	21	0	50	5.7	NA	NA	NA	NA	NA	1023	22.6	NA	16.1	NA	-1	NA
2018	10	22	20	45	40	5.7	NA	NA	NA	NA	NA	1023	22.6	NA	16.3	NA	NA	NA
2018	10	22	20	30	40	6.2	NA	NA	NA	NA	NA	1023	22.4	NA	16.1	NA	NA	NA
2018	10	22	20	15	40	6.7	NA	NA	NA	NA	NA	1023	22.2	NA	16.1	NA	NA	NA
2018	10	22	20	0	40	6.2	NA	NA	NA	NA	NA	1023	22.4	NA	15.9	NA	-2	NA
2018	10	22	19	45	30	7.2	NA	NA	NA	NA	NA	1023	22.4	NA	15.9	NA	NA	NA
2018	10	22	19	30	40	6.2	NA	NA	NA	NA	NA	1023	22.8	NA	16	NA	NA	NA
2018	10	22	19	15	30	7.2	NA	NA	NA	NA	NA	1023	22.4	NA	15.9	NA	NA	NA
2018	10	22	19	0	30	6.7	NA	NA	NA	NA	NA	1023	22.2	NA	15.7	NA	-2	NA
2018	10	22	18	45	40	6.2	NA	NA	NA	NA	NA	1023	22.4	NA	15.6	NA	NA	NA
2018	10	22	18	30	30	6.7	NA	NA	NA	NA	NA	1024	22.5	NA	15.7	NA	NA	NA
2018	10	22	18	15	30	7.7	NA	NA	NA	NA	NA	1024	22.2	NA	15.4	NA	NA	NA
2018	10	22	18	0	40	6.7	NA	NA	NA	NA	NA	1024	22.5	NA	15.5	NA	-1	NA
2018	10	22	17	45	40	6.7	NA	NA	NA	NA	NA	1024	22.2	NA	15.4	NA	NA	NA
2018	10	22	17	30	40	6.7	NA	NA	NA	NA	NA	1024	21.9	NA	14.9	NA	NA	NA
2018	10	22	17	15	30	7.2	NA	NA	NA	NA	NA	1025	21.8	NA	15.1	NA	NA	NA
2018	10	22	17	0	40	6.7	NA	NA	NA	NA	NA	1025	21.8	NA	14.8	NA	0	NA
2018	10	22	16	45	40	7.2	NA	NA	NA	NA	NA	1025	21.6	NA	14.9	NA	NA	NA
2018	10	22	16	30	30	7.2	NA	NA	NA	NA	NA	1025	21.6	NA	14.9	NA	NA	NA
2018	10	22	16	15	30	7.2	NA	NA	NA	NA	NA	1025	21.3	NA	14.8	NA	NA	NA
2018	10	22	16	0	30	7.7	NA	NA	NA	NA	NA	1025	21.7	NA	15	NA	1	NA
2018	10	22	15	45	30	6.2	NA	NA	NA	NA	NA	1025	22	NA	15	NA	NA	NA
2018	10	22	15	30	10	7.2	NA	NA	NA	NA	NA	1025	21.4	NA	15.1	NA	NA	NA
2018	10	22	15	15	10	6.7	NA	NA	NA	NA	NA	1025	20.5	NA	14.1	NA	NA	NA
2018	10	22	15	0	10	7.2	NA	NA	NA	NA	NA	1025	20.2	NA	14	NA	1	NA
2018	10	22	14	45	10	6.7	NA	NA	NA	NA	NA	1025	20	NA	13.6	NA	NA	NA
2018	10	22	14	30	20	6.2	NA	NA	NA	NA	NA	1025	19.7	NA	13.1	NA	NA	NA
2018	10	22	14	15	20	6.2	NA	NA	NA	NA	NA	1025	19.4	NA	13	NA	NA	NA
2018	10	22	14	0	20	6.2	NA	NA	NA	NA	NA	1025	19.1	NA	12.7	NA	2	NA
2018	10	22	13	45	30	5.7	NA	NA	NA	NA	NA	1025	18.6	NA	12.2	NA	NA	NA
2018	10	22	13	30	30	5.7	NA	NA	NA	NA	NA	1025	18.4	NA	12.3	NA	NA	NA
2018	10	22	13	15	30	5.7	NA	NA	NA	NA	NA	1025	17.8	NA	11.7	NA	NA	NA
2018	10	22	13	0	30	6.2	NA	NA	NA	NA	NA	1024	17.5	NA	11.6	NA	1	NA
2018	10	22	12	45	30	5.7	NA	NA	NA	NA	NA	1024	17.1	NA	11.2	NA	NA	NA
2018	10	22	12	30	30	5.7	NA	NA	NA	NA	NA	1024	16.6	NA	10.8	NA	NA	NA
2018	10	22	12	15	30	5.7	NA	NA	NA	NA	NA	1024	16.2	NA	10.6	NA	NA	NA
2018	10	22	12	0	30	5.1	NA	NA	NA	NA	NA	1024	15.7	NA	10.3	NA	1	NA
2018	10	22	11	45	30	5.7	NA	NA	NA	NA	NA	1024	15.4	NA	10	NA	NA	NA
2018	10	22	11	30	30	5.7	NA	NA	NA	NA	NA	1023	15.1	NA	10	NA	NA	NA
2018	10	22	11	15	30	5.1	NA	NA	NA	NA	NA	1023	14.9	NA	9.8	NA	NA	NA
2018	10	22	11	0	30	5.1	NA	NA	NA	NA	NA	1023	14.6	NA	9.7	NA	0	NA
2018	10	22	10	45	30	5.1	NA	NA	NA	NA	NA	1023	14.1	NA	9.4	NA	NA	NA
2018	10	22	10	30	30	4.6	NA	NA	NA	NA	NA	1023	13.7	NA	9	NA	NA	NA
2018	10	22	10	15	30	4.6	NA	NA	NA	NA	NA	1023	13.7	NA	9	NA	NA	NA
2018	10	22	10	0	20	6.2	NA	NA	NA	NA	NA	1023	14.1	NA	9.4	NA	0	NA
2018	10	22	9	45	20	5.7	NA	NA	NA	NA	NA	1023	13.5	NA	9	NA	NA	NA
2018	10	22	9	30	20	5.1	NA	NA	NA	NA	NA	1023	13.4	NA	8.9	NA	NA	NA
2018	10	22	9	15	20	5.7	NA	NA	NA	NA	NA	1023	13.7	NA	9	NA	NA	NA
2018	10	22	9	0	20	6.2	NA	NA	NA	NA	NA	1023	13.7	NA	8.8	NA	0	NA
2018	10	22	8	45	20	6.2	NA	NA	NA	NA	NA	1023	13.7	NA	8.6	NA	NA	NA
2018	10	22	8	30	10	6.2	NA	NA	NA	NA	NA	1023	14	NA	9.1	NA	NA	NA
2018	10	22	8	15	10	4.6	NA	NA	NA	NA	NA	1023	14	NA	9.3	NA	NA	NA
2018	10	22	8	0	10	5.1	NA	NA	NA	NA	NA	1023	14.2	NA	9.3	NA	0	NA
2018	10	22	7	45	10	5.7	NA	NA	NA	NA	NA	1023	13.9	NA	8.8	NA	NA	NA
2018	10	22	7	30	20	5.1	NA	NA	NA	NA	NA	1023	13.8	NA	8.1	NA	NA	NA
2018	10	22	7	15	10	5.1	NA	NA	NA	NA	NA	1023	13.9	NA	8.4	NA	NA	NA
2018	10	22	7	0	20	5.7	NA	NA	NA	NA	NA	1023	13.8	NA	8.1	NA	-1	NA
2018	10	22	6	45	20	5.1	NA	NA	NA	NA	NA	1023	13.7	NA	8	NA	NA	NA
2018	10	22	6	30	20	5.7	NA	NA	NA	NA	NA	1023	13.9	NA	7.7	NA	NA	NA
2018	10	22	6	15	20	5.1	NA	NA	NA	NA	NA	1023	13.6	NA	7.9	NA	NA	NA
2018	10	22	6	0	20	5.1	NA	NA	NA	NA	NA	1023	13.6	NA	8.1	NA	-1	NA
2018	10	22	5	45	20	4.6	NA	NA	NA	NA	NA	1023	13.7	NA	8.4	NA	NA	NA
2018	10	22	5	30	10	3.6	NA	NA	NA	NA	NA	1023	13.6	NA	8.7	NA	NA	NA
2018	10	22	5	15	10	3.6	NA	NA	NA	NA	NA	1023	13.4	NA	8.5	NA	NA	NA
2018	10	22	5	0	10	3.6	NA	NA	NA	NA	NA	1023	13.6	NA	8.3	NA	0	NA
2018	10	22	4	45	10	4.1	NA	NA	NA	NA	NA	1023	13.6	NA	8.5	NA	NA	NA
2018	10	22	4	30	10	3.1	NA	NA	NA	NA	NA	1024	13.8	NA	8.7	NA	NA	NA
2018	10	22	4	15	20	4.6	NA	NA	NA	NA	NA	1024	13.5	NA	8.2	NA	NA	NA
2018	10	22	4	0	20	3.6	NA	NA	NA	NA	NA	1024	12.9	NA	8.6	NA	1	NA
2018	10	22	3	45	30	3.1	NA	NA	NA	NA	NA	1024	12.8	NA	8.3	NA	NA	NA
2018	10	22	3	30	30	3.1	NA	NA	NA	NA	NA	1024	12.5	NA	8.2	NA	NA	NA
2018	10	22	3	15	30	3.1	NA	NA	NA	NA	NA	1024	12.7	NA	8.2	NA	NA	NA
2018	10	22	3	0	40	2.6	NA	NA	NA	NA	NA	1024	12.8	NA	7.7	NA	NA	NA
2018	10	22	2	45	30	3.1	NA	NA	NA	NA	NA	1024	12.8	NA	7.7	NA	NA	NA
2018	10	22	2	30	40	3.1	NA	NA	NA	NA	NA	1023	12.9	NA	7.2	NA	NA	NA
2018	10	22	2	15	40	3.1	NA	NA	NA	NA	NA	1023	13	NA	6.9	NA	NA	NA
2018	10	22	2	0	40	2.6	NA	NA	NA	NA	NA	1023	13.2	NA	6.4	NA	NA	NA
2018	10	22	1	45	40	2.6	NA	NA	NA	NA	NA	1023	13.1	NA	7	NA	NA	NA
2018	10	22	1	30	40	2.6	NA	NA	NA	NA	NA	1023	12.7	NA	7.4	NA	NA	NA
2018	10	22	1	15	40	2.6	NA	NA	NA	NA	NA	1023	12.7	NA	8	NA	NA	NA
2018	10	22	1	0	40	2.1	NA	NA	NA	NA	NA	1023	12.5	NA	8.4	NA	2	NA
2018	10	22	0	45	40	2.1	NA	NA	NA	NA	NA	1023	12.7	NA	8.4	NA	NA	NA
2018	10	22	0	30	40	1.5	NA	NA	NA	NA	NA	1023	13.1	NA	8.6	NA	NA	NA
2018	10	22	0	15	40	1.5	NA	NA	NA	NA	NA	1023	13.1	NA	8	NA	NA	NA
2018	10	21	22	0	50	4.1	NA	NA	NA	NA	NA	1021	17.7	NA	4.8	NA	0	NA
2018	10	21	21	45	50	4.1	NA	NA	NA	NA	NA	1021	18.1	NA	4.5	NA	NA	NA
2018	10	21	21	30	50	5.1	NA	NA	NA	NA	NA	1021	18.5	NA	4.1	NA	NA	NA
2018	10	21	21	15	60	5.1	NA	NA	NA	NA	NA	1021	18.7	NA	4.7	NA	NA	NA
2018	10	21	21	0	60	5.1	NA	NA	NA	NA	NA	1021	19	NA	4.9	NA	0	NA
2018	10	21	20	45	60	5.7	NA	NA	NA	NA	NA	1021	19.1	NA	5.4	NA	NA	NA
2018	10	21	20	30	50	6.2	NA	NA	NA	NA	NA	1021	19.4	NA	6	NA	NA	NA
2018	10	21	20	15	50	5.7	NA	NA	NA	NA	NA	1021	19.6	NA	6.5	NA	NA	NA
2018	10	21	20	0	60	6.2	NA	NA	NA	NA	NA	1021	19.7	NA	5.6	NA	0	NA
2018	10	21	19	45	60	5.1	NA	NA	NA	NA	NA	1021	20	NA	5.8	NA	NA	NA
2018	10	21	19	30	50	5.1	NA	NA	NA	NA	NA	1021	20.1	NA	5.9	NA	NA	NA
2018	10	21	19	15	40	5.7	NA	NA	NA	NA	NA	1021	20.3	NA	6.1	NA	NA	NA
2018	10	21	19	0	50	5.7	NA	NA	NA	NA	NA	1021	20.3	NA	5.7	NA	0	NA
2018	10	21	18	45	50	5.7	NA	NA	NA	NA	NA	1021	20.2	NA	4.9	NA	NA	NA
2018	10	21	18	30	40	6.2	NA	NA	NA	NA	NA	1021	20.2	NA	4.9	NA	NA	NA
2018	10	21	18	15	30	5.7	NA	NA	NA	NA	NA	1021	20.4	NA	6.2	NA	NA	NA
2018	10	21	18	0	20	5.7	NA	NA	NA	NA	NA	1021	20.5	NA	7.4	NA	0	NA
2018	10	21	17	45	30	5.7	NA	NA	NA	NA	NA	1021	20.3	NA	7.2	NA	NA	NA
2018	10	21	17	30	40	6.2	NA	NA	NA	NA	NA	1021	20.1	NA	6.6	NA	NA	NA
2018	10	21	17	15	40	6.2	NA	NA	NA	NA	NA	1021	19.9	NA	7.2	NA	NA	NA
2018	10	21	17	0	40	6.2	NA	NA	NA	NA	NA	1021	19.8	NA	7.7	NA	1	NA
2018	10	21	16	45	30	6.7	NA	NA	NA	NA	NA	1021	19.8	NA	7.7	NA	NA	NA
2018	10	21	16	30	20	7.2	NA	NA	NA	NA	NA	1021	19.7	NA	8.3	NA	NA	NA
2018	10	21	16	15	30	7.7	NA	NA	NA	NA	NA	1021	19.5	NA	8.7	NA	NA	NA
2018	10	21	16	0	20	7.2	NA	NA	NA	NA	NA	1021	19.4	NA	9.2	NA	1	NA
2018	10	21	15	45	30	7.2	NA	NA	NA	NA	NA	1021	19.3	NA	9.1	NA	NA	NA
2018	10	21	15	30	30	7.2	NA	NA	NA	NA	NA	1021	19	NA	8.5	NA	NA	NA
2018	10	21	15	15	20	7.7	NA	NA	NA	NA	NA	1021	18.9	NA	8.4	NA	NA	NA
2018	10	21	15	0	20	8.2	NA	NA	NA	NA	NA	1021	18.7	NA	8.5	NA	2	NA
2018	10	21	14	45	20	8.2	NA	NA	NA	NA	NA	1021	18.6	NA	9.5	NA	NA	NA
2018	10	21	14	30	20	8.8	NA	NA	NA	NA	NA	1021	18	NA	9.2	NA	NA	NA
2018	10	21	14	15	10	8.2	NA	NA	NA	NA	NA	1020	18	NA	10	NA	NA	NA
2018	10	21	14	0	10	7.7	NA	NA	NA	NA	NA	1020	17.9	NA	10.6	NA	2	NA
2018	10	21	13	45	360	7.2	NA	NA	NA	NA	NA	1020	17.6	NA	11.7	NA	NA	NA
2018	10	21	13	30	360	6.2	NA	NA	NA	NA	NA	1020	17.3	NA	12.1	NA	NA	NA
2018	10	21	13	15	360	7.2	NA	NA	NA	NA	NA	1020	16.7	NA	11.7	NA	NA	NA
2018	10	21	13	0	360	6.2	NA	NA	NA	NA	NA	1020	16.7	NA	12.1	NA	3	NA
2018	10	21	12	45	350	5.1	NA	NA	NA	NA	NA	1019	16.4	NA	11.8	NA	NA	NA
2018	10	21	12	30	350	4.6	NA	NA	NA	NA	NA	1019	16.1	NA	11.9	NA	NA	NA
2018	10	21	12	15	350	4.1	NA	NA	NA	NA	NA	1019	15.4	NA	11.8	NA	NA	NA
2018	10	21	12	0	330	4.1	NA	NA	NA	NA	NA	1019	15	NA	12	NA	3	NA
2018	10	21	11	45	330	4.6	NA	NA	NA	NA	NA	1018	14.9	NA	11.9	NA	NA	NA
2018	10	21	11	30	330	5.1	NA	NA	NA	NA	NA	1018	15.1	NA	11.9	NA	NA	NA
2018	10	21	11	15	330	5.1	NA	NA	NA	NA	NA	1018	15.4	NA	12	NA	NA	NA
2018	10	21	11	0	340	5.7	NA	NA	NA	NA	NA	1018	15.5	NA	11.9	NA	3	NA
2018	10	21	10	45	330	5.7	NA	NA	NA	NA	NA	1017	15.7	NA	12.1	NA	NA	NA
2018	10	21	10	30	330	6.2	NA	NA	NA	NA	NA	1017	15.8	NA	12	NA	NA	NA
2018	10	21	10	15	340	5.7	NA	NA	NA	NA	NA	1017	15.9	NA	12.1	NA	NA	NA
2018	10	21	10	0	330	5.7	NA	NA	NA	NA	NA	1017	16.1	NA	12.1	NA	2	NA
2018	10	21	9	45	330	5.7	NA	NA	NA	NA	NA	1016	16.4	NA	12.2	NA	NA	NA
2018	10	21	9	30	330	6.2	NA	NA	NA	NA	NA	1016	16.6	NA	12.4	NA	NA	NA
2018	10	21	9	15	330	6.7	NA	NA	NA	NA	NA	1016	16.8	NA	12.6	NA	NA	NA
2018	10	21	9	0	340	7.2	NA	NA	NA	NA	NA	1016	17.1	NA	12.7	NA	1	NA
2018	10	21	8	45	330	7.2	NA	NA	NA	NA	NA	1016	17.3	NA	13.5	NA	NA	NA
2018	10	21	8	30	330	7.2	NA	NA	NA	NA	NA	1015	17.7	NA	14.1	NA	NA	NA
2018	10	21	8	15	330	7.7	NA	NA	NA	NA	NA	1015	18	NA	14.6	NA	NA	NA
2018	10	21	8	0	320	6.2	NA	NA	NA	NA	NA	1015	18.4	NA	15.9	NA	0	NA
2018	10	21	7	45	310	6.2	NA	NA	NA	NA	NA	1015	18.8	NA	16.3	NA	NA	NA
2018	10	21	7	30	310	6.7	NA	NA	NA	NA	NA	1015	19.1	NA	16.8	NA	NA	NA
2018	10	21	7	15	310	6.2	NA	NA	NA	NA	NA	1015	19.3	NA	17.3	NA	NA	NA
2018	10	21	7	0	310	5.7	NA	NA	NA	NA	NA	1015	19.6	NA	17.8	NA	1	NA
2018	10	21	6	45	310	5.1	NA	NA	NA	NA	NA	1015	19.8	NA	18	NA	NA	NA
2018	10	21	6	30	320	5.1	NA	NA	NA	NA	NA	1015	20.1	NA	18.4	NA	NA	NA
2018	10	21	6	15	320	5.7	NA	NA	NA	NA	NA	1015	20.4	NA	18.6	NA	NA	NA
2018	10	21	6	0	310	6.2	NA	NA	NA	NA	NA	1015	20.7	NA	18.7	NA	0	NA
2018	10	21	5	45	320	6.7	NA	NA	NA	NA	NA	1015	21	NA	18.8	NA	NA	NA
2018	10	21	5	30	310	5.7	NA	NA	NA	NA	NA	1015	21.4	NA	19.7	NA	NA	NA
2018	10	21	5	15	300	4.6	NA	NA	NA	NA	NA	1015	21.7	NA	20.4	NA	NA	NA
2018	10	21	5	0	300	4.6	NA	NA	NA	NA	NA	1015	21.9	NA	20.4	NA	1	NA
2018	10	21	4	45	300	4.6	NA	NA	NA	NA	NA	1014	22	NA	20.5	NA	NA	NA
2018	10	21	4	30	300	4.6	NA	NA	NA	NA	NA	1014	22.1	NA	20.8	NA	NA	NA
2018	10	21	4	15	290	3.6	NA	NA	NA	NA	NA	1014	22.2	NA	20.9	NA	NA	NA
2018	10	21	4	0	280	4.1	NA	NA	NA	NA	NA	1014	22.3	NA	21	NA	0	NA
2018	10	21	3	45	270	4.1	NA	NA	NA	NA	NA	1014	22.4	NA	21.1	NA	NA	NA
2018	10	21	3	30	270	4.1	NA	NA	NA	NA	NA	1015	22.4	NA	21.1	NA	NA	NA
2018	10	21	3	15	270	4.1	NA	NA	NA	NA	NA	1015	22.4	NA	21.1	NA	NA	NA
2018	10	21	3	0	280	3.6	NA	NA	NA	NA	NA	1015	22.4	NA	21.1	NA	2	NA
2018	10	21	2	45	270	4.1	NA	NA	NA	NA	NA	1015	22.4	NA	21.1	NA	NA	NA
2018	10	21	2	30	270	4.6	NA	NA	NA	NA	NA	1015	22.5	NA	21.2	NA	NA	NA
2018	10	21	2	15	270	4.1	NA	NA	NA	NA	NA	1015	22.6	NA	21.3	NA	NA	NA
2018	10	21	2	0	270	3.6	NA	NA	NA	NA	NA	1014	22.5	NA	21.2	NA	1	NA
2018	10	21	1	45	280	3.1	NA	NA	NA	NA	NA	1014	22.4	NA	21.1	NA	NA	NA
2018	10	21	1	30	280	3.1	NA	NA	NA	NA	NA	1014	22.6	NA	21.1	NA	NA	NA
2018	10	21	1	15	270	3.6	NA	NA	NA	NA	NA	1014	22.8	NA	21.1	NA	NA	NA
2018	10	21	1	0	260	3.6	NA	NA	NA	NA	NA	1014	22.9	NA	21.2	NA	2	NA
2018	10	21	0	45	240	5.1	NA	NA	NA	NA	NA	1013	23.1	NA	21.4	NA	NA	NA
2018	10	21	0	30	230	5.7	NA	NA	NA	NA	NA	1013	23	NA	21.1	NA	NA	NA
2018	10	21	0	15	240	5.7	NA	NA	NA	NA	NA	1014	23.1	NA	21.1	NA	NA	NA
2018	10	21	0	0	250	3.6	NA	NA	NA	NA	NA	1013	22.8	NA	20.9	NA	1	NA
2018	10	20	23	45	280	3.1	NA	NA	NA	NA	NA	1013	22.1	NA	20.8	NA	NA	NA
2018	10	20	23	30	290	5.1	NA	NA	NA	NA	NA	1014	22.4	NA	21.2	NA	NA	NA
2018	10	20	23	15	290	7.2	NA	NA	NA	NA	NA	1014	23.1	NA	21.4	NA	NA	NA
2018	10	20	23	0	320	7.7	NA	NA	NA	NA	NA	1013	25	NA	21	NA	1	NA
2018	10	20	22	45	320	8.8	NA	NA	NA	NA	NA	1013	27.1	NA	21.1	NA	NA	NA
2018	10	20	22	30	240	5.7	NA	NA	NA	NA	NA	1012	28.7	NA	21.9	NA	NA	NA
2018	10	20	22	15	240	6.2	NA	NA	NA	NA	NA	1012	29.1	NA	21.8	NA	NA	NA
2018	10	20	22	0	250	7.2	NA	NA	NA	NA	NA	1012	29.4	NA	21.3	NA	-1	NA
2018	10	20	21	45	240	7.2	NA	NA	NA	NA	NA	1012	29.7	NA	21.3	NA	NA	NA
2018	10	20	21	30	250	6.7	NA	NA	NA	NA	NA	1012	29.8	NA	21.4	NA	NA	NA
2018	10	20	21	15	250	7.2	NA	NA	NA	NA	NA	1012	29.9	NA	21.2	NA	NA	NA
2018	10	20	21	0	250	6.2	NA	NA	NA	NA	NA	1012	30.1	NA	20.9	NA	-2	NA
2018	10	20	20	45	250	6.7	NA	NA	NA	NA	NA	1012	30.3	NA	20.8	NA	NA	NA
2018	10	20	20	30	240	7.2	NA	NA	NA	NA	NA	1012	30.6	NA	21.1	NA	NA	NA
2018	10	20	20	15	250	7.7	NA	NA	NA	NA	NA	1012	30.2	NA	20.7	NA	NA	NA
2018	10	20	20	0	240	7.7	NA	NA	NA	NA	NA	1012	30	NA	20.5	NA	-4	NA
2018	10	20	19	45	250	6.7	NA	NA	NA	NA	NA	1012	30.1	NA	20.6	NA	NA	NA
2018	10	20	19	30	250	6.2	NA	NA	NA	NA	NA	1013	30	NA	20.5	NA	NA	NA
2018	10	20	19	15	250	6.2	NA	NA	NA	NA	NA	1013	29.8	NA	20.9	NA	NA	NA
2018	10	20	19	0	250	6.7	NA	NA	NA	NA	NA	1013	30.1	NA	20.3	NA	-4	NA
2018	10	20	18	45	260	6.7	NA	NA	NA	NA	NA	1013	30.1	NA	20.6	NA	NA	NA
2018	10	20	18	30	260	6.7	NA	NA	NA	NA	NA	1014	29.9	NA	20.4	NA	NA	NA
2018	10	20	18	15	250	6.2	NA	NA	NA	NA	NA	1014	29.7	NA	20.8	NA	NA	NA
2018	10	20	18	0	250	7.7	NA	NA	NA	NA	NA	1014	29.7	NA	20.5	NA	-4	NA
2018	10	20	17	45	250	6.7	NA	NA	NA	NA	NA	1015	29.6	NA	20.7	NA	NA	NA
2018	10	20	17	30	250	6.7	NA	NA	NA	NA	NA	1015	29.4	NA	21.3	NA	NA	NA
2018	10	20	17	15	240	8.2	NA	NA	NA	NA	NA	1016	28.8	NA	21.2	NA	NA	NA
2018	10	20	17	0	250	7.7	NA	NA	NA	NA	NA	1016	28.7	NA	21.2	NA	-2	NA
2018	10	20	16	45	240	7.2	NA	NA	NA	NA	NA	1016	28.5	NA	21.9	NA	NA	NA
2018	10	20	16	30	240	6.7	NA	NA	NA	NA	NA	1016	28.3	NA	22	NA	NA	NA
2018	10	20	16	15	240	6.7	NA	NA	NA	NA	NA	1017	28	NA	21.9	NA	NA	NA
2018	10	20	16	0	240	6.7	NA	NA	NA	NA	NA	1017	27.8	NA	22	NA	-1	NA
2018	10	20	15	45	240	6.7	NA	NA	NA	NA	NA	1017	27.5	NA	21.9	NA	NA	NA
2018	10	20	15	30	240	6.2	NA	NA	NA	NA	NA	1017	27	NA	21.9	NA	NA	NA
2018	10	20	15	15	240	5.7	NA	NA	NA	NA	NA	1018	26.7	NA	21.8	NA	NA	NA
2018	10	20	15	0	240	6.2	NA	NA	NA	NA	NA	1018	26.3	NA	21.8	NA	1	NA
2018	10	20	14	45	250	6.7	NA	NA	NA	NA	NA	1018	25.9	NA	21.7	NA	NA	NA
2018	10	20	14	30	250	5.7	NA	NA	NA	NA	NA	1018	25.7	NA	21.9	NA	NA	NA
2018	10	20	14	15	240	5.7	NA	NA	NA	NA	NA	1018	25.4	NA	22	NA	NA	NA
2018	10	20	14	0	240	5.1	NA	NA	NA	NA	NA	1018	25	NA	22.2	NA	1	NA
2018	10	20	13	45	240	5.1	NA	NA	NA	NA	NA	1018	24.6	NA	22.2	NA	NA	NA
2018	10	20	13	30	240	4.6	NA	NA	NA	NA	NA	1018	24.2	NA	22	NA	NA	NA
2018	10	20	13	15	240	4.6	NA	NA	NA	NA	NA	1018	23.7	NA	21.8	NA	NA	NA
2018	10	20	13	0	230	4.1	NA	NA	NA	NA	NA	1018	23.3	NA	21.6	NA	1	NA
2018	10	20	12	45	230	3.6	NA	NA	NA	NA	NA	1017	23	NA	21.5	NA	NA	NA
2018	10	20	12	30	240	4.1	NA	NA	NA	NA	NA	1017	22.7	NA	21.4	NA	NA	NA
2018	10	20	12	15	230	3.6	NA	NA	NA	NA	NA	1017	22.7	NA	21.4	NA	NA	NA
2018	10	20	12	0	230	3.1	NA	NA	NA	NA	NA	1017	22.4	NA	21.2	NA	0	NA
2018	10	20	11	45	240	2.6	NA	NA	NA	NA	NA	1017	22.4	NA	21.2	NA	NA	NA
2018	10	20	11	30	240	3.1	NA	NA	NA	NA	NA	1017	22.3	NA	21.1	NA	NA	NA
2018	10	20	11	15	240	3.1	NA	NA	NA	NA	NA	1017	22.4	NA	21.2	NA	NA	NA
2018	10	20	11	0	250	3.1	NA	NA	NA	NA	NA	1017	22.4	NA	21.2	NA	-1	NA
2018	10	20	10	45	250	3.1	NA	NA	NA	NA	NA	1017	22.4	NA	21.2	NA	NA	NA
2018	10	20	10	30	250	2.1	NA	NA	NA	NA	NA	1017	22.5	NA	21.3	NA	NA	NA
2018	10	20	10	15	260	1.5	NA	NA	NA	NA	NA	1017	22.4	NA	21.1	NA	NA	NA
2018	10	20	10	0	250	2.1	NA	NA	NA	NA	NA	1017	22.3	NA	21	NA	-1	NA
2018	10	20	9	45	260	2.1	NA	NA	NA	NA	NA	1017	22.3	NA	21.1	NA	NA	NA
2018	10	20	9	30	270	1.5	NA	NA	NA	NA	NA	1017	22.3	NA	21.1	NA	NA	NA
2018	10	20	9	15	260	1.5	NA	NA	NA	NA	NA	1017	22.3	NA	21.1	NA	NA	NA
2018	10	20	9	0	260	1.5	NA	NA	NA	NA	NA	1017	22.2	NA	21	NA	-2	NA
2018	10	20	8	45	NA	0	NA	NA	NA	NA	NA	1017	22.2	NA	21.2	NA	NA	NA
2018	10	20	8	30	270	0.5	NA	NA	NA	NA	NA	1017	22.2	NA	21	NA	NA	NA
2018	10	20	8	15	270	1	NA	NA	NA	NA	NA	1017	22.3	NA	21.1	NA	NA	NA
2018	10	20	8	0	270	1	NA	NA	NA	NA	NA	1018	22.5	NA	21.3	NA	-1	NA
2018	10	20	7	45	270	1.5	NA	NA	NA	NA	NA	1018	22.7	NA	21.5	NA	NA	NA
2018	10	20	7	30	250	1.5	NA	NA	NA	NA	NA	1018	22.7	NA	21.7	NA	NA	NA
2018	10	20	7	15	260	0.5	NA	NA	NA	NA	NA	1018	20.8	NA	20	NA	NA	NA
2018	10	20	7	0	NA	0	NA	NA	NA	NA	NA	1018	21	NA	20.2	NA	-1	NA
2018	10	20	6	45	220	0.5	NA	NA	NA	NA	NA	1018	21.2	NA	20.4	NA	NA	NA
2018	10	20	6	30	NA	0	NA	NA	NA	NA	NA	1018	21	NA	20.2	NA	NA	NA
2018	10	20	6	15	NA	0	NA	NA	NA	NA	NA	1018	21	NA	20	NA	NA	NA
2018	10	20	6	0	NA	0	NA	NA	NA	NA	NA	1019	21.1	NA	19.6	NA	-1	NA
2018	10	20	5	45	250	0.5	NA	NA	NA	NA	NA	1019	22.8	NA	21.1	NA	NA	NA
2018	10	20	5	30	260	1.5	NA	NA	NA	NA	NA	1019	23.2	NA	22	NA	NA	NA
2018	10	20	5	15	240	1	NA	NA	NA	NA	NA	1019	21.6	NA	20.4	NA	NA	NA
2018	10	20	5	0	170	1	NA	NA	NA	NA	NA	1019	21.6	NA	19.9	NA	-1	NA
2018	10	20	4	45	160	1	NA	NA	NA	NA	NA	1019	22.3	NA	21	NA	NA	NA
2018	10	20	4	30	160	1.5	NA	NA	NA	NA	NA	1019	21.8	NA	20.5	NA	NA	NA
2018	10	20	4	15	130	1.5	NA	NA	NA	NA	NA	1019	21.3	NA	20.1	NA	NA	NA
2018	10	20	4	0	130	1	NA	NA	NA	NA	NA	1019	21	NA	19.7	NA	-2	NA
2018	10	20	3	45	140	1	NA	NA	NA	NA	NA	1020	21.3	NA	20	NA	NA	NA
2018	10	20	3	30	130	0.5	NA	NA	NA	NA	NA	1020	21.5	NA	20	NA	NA	NA
2018	10	20	3	15	130	1.5	NA	NA	NA	NA	NA	1020	21.6	NA	20.3	NA	NA	NA
2018	10	20	3	0	130	1	NA	NA	NA	NA	NA	1020	21.5	NA	20.2	NA	-1	NA
2018	10	20	2	45	NA	0	NA	NA	NA	NA	NA	1020	21.4	NA	19.9	NA	NA	NA
2018	10	20	2	30	NA	0	NA	NA	NA	NA	NA	1020	21.5	NA	20	NA	NA	NA
2018	10	20	2	15	NA	0	NA	NA	NA	NA	NA	1020	21.6	NA	20.1	NA	NA	NA
2018	10	20	2	0	NA	0	NA	NA	NA	NA	NA	1020	21.7	NA	20	NA	0	NA
2018	10	20	1	45	NA	0	NA	NA	NA	NA	NA	1021	21.9	NA	20.2	NA	NA	NA
2018	10	20	1	30	NA	0	NA	NA	NA	NA	NA	1021	22.3	NA	20.3	NA	NA	NA
2018	10	20	1	15	NA	0	NA	NA	NA	NA	NA	1021	22.7	NA	20.5	NA	NA	NA
2018	10	20	1	0	NA	0	NA	NA	NA	NA	NA	1021	23	NA	20.8	NA	0	NA
2018	10	20	0	45	80	1	NA	NA	NA	NA	NA	1021	23	NA	20.8	NA	NA	NA
2018	10	20	0	30	60	1.5	NA	NA	NA	NA	NA	1021	23	NA	20.8	NA	NA	NA
2018	10	20	0	15	30	2.1	NA	NA	NA	NA	NA	1021	23.2	NA	20.8	NA	NA	NA
2018	10	20	0	0	40	1.5	NA	NA	NA	NA	NA	1021	23.4	NA	20.8	NA	0	NA
2018	10	19	23	45	40	2.1	NA	NA	NA	NA	NA	1021	23.6	NA	21	NA	NA	NA
2018	10	19	23	30	40	1.5	NA	NA	NA	NA	NA	1021	23.8	NA	21	NA	NA	NA
2018	10	19	23	15	40	1.5	NA	NA	NA	NA	NA	1021	24.2	NA	21	NA	NA	NA
2018	10	19	23	0	40	1.5	NA	NA	NA	NA	NA	1020	24.5	NA	21.1	NA	-1	NA
2018	10	19	22	45	50	2.1	NA	NA	NA	NA	NA	1020	24.9	NA	21.1	NA	NA	NA
2018	10	19	22	30	70	2.1	NA	NA	NA	NA	NA	1021	25.2	NA	21	NA	NA	NA
2018	10	19	22	15	60	2.6	NA	NA	NA	NA	NA	1021	25.7	NA	21.3	NA	NA	NA
2018	10	19	22	0	70	2.1	NA	NA	NA	NA	NA	1021	25.8	NA	21.1	NA	-1	NA
2018	10	19	21	45	50	3.1	NA	NA	NA	NA	NA	1021	26	NA	20.9	NA	NA	NA
2018	10	19	21	30	70	3.1	NA	NA	NA	NA	NA	1021	26.7	NA	20.9	NA	NA	NA
2018	10	19	21	15	70	2.6	NA	NA	NA	NA	NA	1021	26.7	NA	21.1	NA	NA	NA
2018	10	19	21	0	60	4.1	NA	NA	NA	NA	NA	1021	26.9	NA	21.1	NA	-2	NA
2018	10	19	20	45	70	3.1	NA	NA	NA	NA	NA	1021	27.6	NA	21.3	NA	NA	NA
2018	10	19	20	30	80	3.1	NA	NA	NA	NA	NA	1021	26.5	NA	21.2	NA	NA	NA
2018	10	19	20	15	80	3.6	NA	NA	NA	NA	NA	1021	26.8	NA	21	NA	NA	NA
2018	10	19	20	0	80	4.1	NA	NA	NA	NA	NA	1021	26.9	NA	21.6	NA	-3	NA
2018	10	19	19	45	70	3.6	NA	NA	NA	NA	NA	1021	26.9	NA	21.3	NA	NA	NA
2018	10	19	19	30	70	4.1	NA	NA	NA	NA	NA	1021	26.4	NA	21.3	NA	NA	NA
2018	10	19	19	15	80	4.1	NA	NA	NA	NA	NA	1021	27.2	NA	21.6	NA	NA	NA
2018	10	19	19	0	80	4.1	NA	NA	NA	NA	NA	1022	27.1	NA	21.8	NA	-3	NA
2018	10	19	18	45	70	4.1	NA	NA	NA	NA	NA	1022	26.8	NA	21.7	NA	NA	NA
2018	10	19	18	30	50	5.1	NA	NA	NA	NA	NA	1022	26.4	NA	21.7	NA	NA	NA
2018	10	19	18	15	70	5.1	NA	NA	NA	NA	NA	1022	27.1	NA	21.8	NA	NA	NA
2018	10	19	18	0	70	5.1	NA	NA	NA	NA	NA	1023	27.1	NA	22	NA	-2	NA
2018	10	19	17	45	50	5.1	NA	NA	NA	NA	NA	1023	26.7	NA	21.8	NA	NA	NA
2018	10	19	17	30	60	4.6	NA	NA	NA	NA	NA	1023	26.6	NA	21.7	NA	NA	NA
2018	10	19	17	15	40	4.6	NA	NA	NA	NA	NA	1024	26.7	NA	21.6	NA	NA	NA
2018	10	19	17	0	30	4.6	NA	NA	NA	NA	NA	1024	26.1	NA	21.4	NA	-1	NA
2018	10	19	16	45	30	5.1	NA	NA	NA	NA	NA	1024	25.9	NA	21.2	NA	NA	NA
2018	10	19	16	30	30	5.1	NA	NA	NA	NA	NA	1024	25.8	NA	20.9	NA	NA	NA
2018	10	19	16	15	30	5.1	NA	NA	NA	NA	NA	1024	25.8	NA	20.7	NA	NA	NA
2018	10	19	16	0	30	4.6	NA	NA	NA	NA	NA	1025	25.3	NA	20.2	NA	0	NA
2018	10	19	15	45	30	4.6	NA	NA	NA	NA	NA	1025	24.9	NA	20.1	NA	NA	NA
2018	10	19	15	30	20	5.7	NA	NA	NA	NA	NA	1025	24.6	NA	19.8	NA	NA	NA
2018	10	19	15	15	30	5.1	NA	NA	NA	NA	NA	1025	24.2	NA	19.6	NA	NA	NA
2018	10	19	15	0	30	5.1	NA	NA	NA	NA	NA	1025	23.8	NA	19.4	NA	1	NA
2018	10	19	14	45	30	5.7	NA	NA	NA	NA	NA	1025	23.7	NA	19.1	NA	NA	NA
2018	10	19	14	30	30	5.1	NA	NA	NA	NA	NA	1025	23.5	NA	18.7	NA	NA	NA
2018	10	19	14	15	20	4.6	NA	NA	NA	NA	NA	1025	23.3	NA	18.5	NA	NA	NA
2018	10	19	14	0	20	4.6	NA	NA	NA	NA	NA	1025	22.7	NA	17.9	NA	1	NA
2018	10	19	13	45	20	5.1	NA	NA	NA	NA	NA	1025	22.2	NA	17.7	NA	NA	NA
2018	10	19	13	30	20	4.6	NA	NA	NA	NA	NA	1025	22.2	NA	17.4	NA	NA	NA
2018	10	19	13	15	20	4.6	NA	NA	NA	NA	NA	1025	21.6	NA	17.1	NA	NA	NA
2018	10	19	13	0	30	4.6	NA	NA	NA	NA	NA	1025	21.1	NA	16.8	NA	1	NA
2018	10	19	12	45	30	4.6	NA	NA	NA	NA	NA	1024	20.7	NA	16.6	NA	NA	NA
2018	10	19	12	30	20	4.6	NA	NA	NA	NA	NA	1024	20.3	NA	16.4	NA	NA	NA
2018	10	19	12	15	30	4.1	NA	NA	NA	NA	NA	1024	20	NA	16.3	NA	NA	NA
2018	10	19	12	0	30	4.1	NA	NA	NA	NA	NA	1024	20	NA	16.3	NA	0	NA
2018	10	19	11	45	30	4.6	NA	NA	NA	NA	NA	1024	20	NA	16.3	NA	NA	NA
2018	10	19	11	30	30	4.6	NA	NA	NA	NA	NA	1024	20	NA	16.3	NA	NA	NA
2018	10	19	11	15	30	4.6	NA	NA	NA	NA	NA	1024	20	NA	16.3	NA	NA	NA
2018	10	19	11	0	20	5.1	NA	NA	NA	NA	NA	1024	20	NA	16.3	NA	0	NA
2018	10	19	10	45	20	5.1	NA	NA	NA	NA	NA	1024	20	NA	16.5	NA	NA	NA
2018	10	19	10	30	30	4.1	NA	NA	NA	NA	NA	1024	20	NA	16.7	NA	NA	NA
2018	10	19	10	15	20	4.6	NA	NA	NA	NA	NA	1024	20.2	NA	16.9	NA	NA	NA
2018	10	19	10	0	30	5.1	NA	NA	NA	NA	NA	1024	20.2	NA	16.7	NA	-1	NA
2018	10	19	9	45	30	5.1	NA	NA	NA	NA	NA	1024	20.3	NA	17	NA	NA	NA
2018	10	19	9	30	30	4.6	NA	NA	NA	NA	NA	1024	20.4	NA	17.1	NA	NA	NA
2018	10	19	9	15	30	4.6	NA	NA	NA	NA	NA	1024	20.4	NA	17.3	NA	NA	NA
2018	10	19	9	0	20	4.6	NA	NA	NA	NA	NA	1024	20.5	NA	17.4	NA	-1	NA
2018	10	19	8	45	20	3.6	NA	NA	NA	NA	NA	1024	20.3	NA	17.4	NA	NA	NA
2018	10	19	8	30	30	3.6	NA	NA	NA	NA	NA	1024	20.2	NA	17.1	NA	NA	NA
2018	10	19	8	15	20	3.6	NA	NA	NA	NA	NA	1024	20.1	NA	16.8	NA	NA	NA
2018	10	19	8	0	20	4.1	NA	NA	NA	NA	NA	1024	20.1	NA	16.8	NA	-1	NA
2018	10	19	7	45	360	4.6	NA	NA	NA	NA	NA	1024	20.4	NA	17.1	NA	NA	NA
2018	10	19	7	30	360	5.1	NA	NA	NA	NA	NA	1024	20.4	NA	17.1	NA	NA	NA
2018	10	19	7	15	360	5.1	NA	NA	NA	NA	NA	1024	20.4	NA	17.1	NA	NA	NA
2018	10	19	7	0	360	4.6	NA	NA	NA	NA	NA	1025	20.4	NA	17.1	NA	0	NA
2018	10	19	6	45	360	4.6	NA	NA	NA	NA	NA	1025	20.4	NA	16.9	NA	NA	NA
2018	10	19	6	30	360	5.1	NA	NA	NA	NA	NA	1025	20.5	NA	16.8	NA	NA	NA
2018	10	19	6	15	10	4.6	NA	NA	NA	NA	NA	1025	20.6	NA	16.9	NA	NA	NA
2018	10	19	6	0	10	4.6	NA	NA	NA	NA	NA	1025	20.9	NA	17	NA	0	NA
2018	10	19	5	45	10	4.6	NA	NA	NA	NA	NA	1025	21.1	NA	17.2	NA	NA	NA
2018	10	19	5	30	10	5.7	NA	NA	NA	NA	NA	1025	21.6	NA	17.9	NA	NA	NA
2018	10	19	5	15	30	4.6	NA	NA	NA	NA	NA	1025	22.8	NA	18.4	NA	NA	NA
2018	10	19	5	0	40	4.1	NA	NA	NA	NA	NA	1025	23.2	NA	18.8	NA	-1	NA
2018	10	19	4	45	50	4.6	NA	NA	NA	NA	NA	1025	23.2	NA	18.8	NA	NA	NA
2018	10	19	4	30	50	4.6	NA	NA	NA	NA	NA	1025	23	NA	18.6	NA	NA	NA
2018	10	19	4	15	50	4.6	NA	NA	NA	NA	NA	1025	23	NA	18.6	NA	NA	NA
2018	10	19	4	0	60	4.6	NA	NA	NA	NA	NA	1025	22.9	NA	18.5	NA	0	NA
2018	10	19	3	45	50	5.1	NA	NA	NA	NA	NA	1025	22.8	NA	18.4	NA	NA	NA
2018	10	19	3	30	60	5.1	NA	NA	NA	NA	NA	1025	22.6	NA	18.3	NA	NA	NA
2018	10	19	3	15	50	4.6	NA	NA	NA	NA	NA	1026	22.5	NA	18.2	NA	NA	NA
2018	10	19	3	0	50	5.7	NA	NA	NA	NA	NA	1025	22.5	NA	17.9	NA	0	NA
2018	10	19	2	45	50	5.7	NA	NA	NA	NA	NA	1025	22.5	NA	17.9	NA	NA	NA
2018	10	19	2	30	50	5.1	NA	NA	NA	NA	NA	1026	22.7	NA	18.1	NA	NA	NA
2018	10	19	2	15	50	5.1	NA	NA	NA	NA	NA	1026	22.7	NA	17.9	NA	NA	NA
2018	10	19	2	0	50	5.7	NA	NA	NA	NA	NA	1026	22.7	NA	17.9	NA	1	NA
2018	10	19	1	45	50	5.7	NA	NA	NA	NA	NA	1025	22.7	NA	18.1	NA	NA	NA
2018	10	19	1	30	50	5.7	NA	NA	NA	NA	NA	1025	22.7	NA	17.9	NA	NA	NA
2018	10	19	1	15	50	5.7	NA	NA	NA	NA	NA	1025	22.6	NA	17.8	NA	NA	NA
2018	10	19	1	0	50	4.6	NA	NA	NA	NA	NA	1025	22.6	NA	18	NA	0	NA
2018	10	19	0	45	50	5.7	NA	NA	NA	NA	NA	1025	22.6	NA	17.8	NA	NA	NA
2018	10	19	0	30	50	5.7	NA	NA	NA	NA	NA	1025	22.6	NA	17.8	NA	NA	NA
2018	10	19	0	15	50	5.7	NA	NA	NA	NA	NA	1025	22.7	NA	17.9	NA	NA	NA
2018	10	19	0	0	50	5.1	NA	NA	NA	NA	NA	1025	22.6	NA	17.8	NA	1	NA
2018	10	18	23	45	50	5.7	NA	NA	NA	NA	NA	1025	22.6	NA	17.8	NA	NA	NA
2018	10	18	23	30	50	6.2	NA	NA	NA	NA	NA	1025	22.6	NA	17.8	NA	NA	NA
2018	10	18	23	15	50	5.7	NA	NA	NA	NA	NA	1025	22.6	NA	17.8	NA	NA	NA
2018	10	18	23	0	40	5.1	NA	NA	NA	NA	NA	1025	22.6	NA	17.8	NA	1	NA
2018	10	18	22	45	50	5.7	NA	NA	NA	NA	NA	1025	22.6	NA	17.6	NA	NA	NA
2018	10	18	22	30	40	5.7	NA	NA	NA	NA	NA	1025	22.7	NA	17.7	NA	NA	NA
2018	10	18	22	15	50	5.7	NA	NA	NA	NA	NA	1025	22.7	NA	17.5	NA	NA	NA
2018	10	18	22	0	40	5.7	NA	NA	NA	NA	NA	1025	22.7	NA	17.5	NA	1	NA
2018	10	18	21	45	50	5.7	NA	NA	NA	NA	NA	1025	22.8	NA	17.4	NA	NA	NA
2018	10	18	21	30	50	5.7	NA	NA	NA	NA	NA	1025	23	NA	17.4	NA	NA	NA
2018	10	18	21	15	50	6.2	NA	NA	NA	NA	NA	1025	23	NA	17.4	NA	NA	NA
2018	10	18	21	0	50	6.2	NA	NA	NA	NA	NA	1024	23.1	NA	17.2	NA	-1	NA
2018	10	18	20	45	50	6.2	NA	NA	NA	NA	NA	1024	23.3	NA	17.2	NA	NA	NA
2018	10	18	20	30	50	6.2	NA	NA	NA	NA	NA	1024	23.4	NA	17.1	NA	NA	NA
2018	10	18	20	15	50	6.2	NA	NA	NA	NA	NA	1024	23.6	NA	17.3	NA	NA	NA
2018	10	18	20	0	40	6.2	NA	NA	NA	NA	NA	1024	23.7	NA	17.6	NA	-1	NA
2018	10	18	19	45	50	6.7	NA	NA	NA	NA	NA	1024	24	NA	17.6	NA	NA	NA
2018	10	18	19	30	50	6.7	NA	NA	NA	NA	NA	1024	24.1	NA	18	NA	NA	NA
2018	10	18	19	15	50	7.2	NA	NA	NA	NA	NA	1024	24.3	NA	17.9	NA	NA	NA
2018	10	18	19	0	50	7.7	NA	NA	NA	NA	NA	1024	24.6	NA	18	NA	-1	NA
2018	10	18	18	45	50	7.2	NA	NA	NA	NA	NA	1024	25.1	NA	18.2	NA	NA	NA
2018	10	18	18	30	60	7.7	NA	NA	NA	NA	NA	1024	25.3	NA	18.4	NA	NA	NA
2018	10	18	18	15	50	7.2	NA	NA	NA	NA	NA	1024	25.5	NA	18.6	NA	NA	NA
2018	10	18	18	0	60	7.2	NA	NA	NA	NA	NA	1025	25.7	NA	18.5	NA	0	NA
2018	10	18	17	45	50	6.7	NA	NA	NA	NA	NA	1025	25.3	NA	18.4	NA	NA	NA
2018	10	18	17	30	50	7.7	NA	NA	NA	NA	NA	1025	24.7	NA	18.1	NA	NA	NA
2018	10	18	17	15	60	6.2	NA	NA	NA	NA	NA	1025	25.3	NA	18.4	NA	NA	NA
2018	10	18	17	0	50	8.2	NA	NA	NA	NA	NA	1025	25.5	NA	18.4	NA	1	NA
2018	10	18	16	45	50	7.2	NA	NA	NA	NA	NA	1025	26	NA	18.8	NA	NA	NA
2018	10	18	16	30	50	8.8	NA	NA	NA	NA	NA	1025	25.6	NA	18.7	NA	NA	NA
2018	10	18	16	15	50	8.2	NA	NA	NA	NA	NA	1025	25.5	NA	18.6	NA	NA	NA
2018	10	18	16	0	50	7.7	NA	NA	NA	NA	NA	1025	25.7	NA	18.5	NA	1	NA
2018	10	18	15	45	50	7.7	NA	NA	NA	NA	NA	1025	25.6	NA	18.7	NA	NA	NA
2018	10	18	15	30	40	7.7	NA	NA	NA	NA	NA	1025	25.5	NA	18.6	NA	NA	NA
2018	10	18	15	15	50	8.8	NA	NA	NA	NA	NA	1025	25.4	NA	18.7	NA	NA	NA
2018	10	18	15	0	50	7.7	NA	NA	NA	NA	NA	1025	25.7	NA	19	NA	2	NA
2018	10	18	14	45	50	7.7	NA	NA	NA	NA	NA	1025	25.8	NA	19.1	NA	NA	NA
2018	10	18	14	30	40	7.2	NA	NA	NA	NA	NA	1025	25.2	NA	19.5	NA	NA	NA
2018	10	18	14	15	50	7.7	NA	NA	NA	NA	NA	1025	24.9	NA	19.8	NA	NA	NA
2018	10	18	14	0	50	7.7	NA	NA	NA	NA	NA	1024	25	NA	20.2	NA	NA	NA
2018	10	18	13	45	40	6.2	NA	NA	NA	NA	NA	1024	24.9	NA	20.3	NA	NA	NA
2018	10	18	13	30	40	5.1	NA	NA	NA	NA	NA	1024	24.7	NA	20.3	NA	NA	NA
2018	10	18	13	15	40	4.6	NA	NA	NA	NA	NA	1024	23.9	NA	20.5	NA	NA	NA
2018	10	18	13	0	30	4.1	NA	NA	NA	NA	NA	1024	23.2	NA	20.6	NA	2	NA
2018	10	18	12	45	30	4.1	NA	NA	NA	NA	NA	1024	22.9	NA	20.5	NA	NA	NA
2018	10	18	12	30	20	4.1	NA	NA	NA	NA	NA	1024	22.6	NA	20.4	NA	NA	NA
2018	10	18	12	15	20	4.1	NA	NA	NA	NA	NA	1023	22.4	NA	20.2	NA	NA	NA
2018	10	18	12	0	10	4.1	NA	NA	NA	NA	NA	1023	22.3	NA	20.3	NA	NA	NA
2018	10	18	11	45	10	3.6	NA	NA	NA	NA	NA	1023	22.2	NA	20.2	NA	NA	NA
2018	10	18	11	30	10	3.6	NA	NA	NA	NA	NA	1023	22.2	NA	20.2	NA	NA	NA
2018	10	18	11	15	20	3.6	NA	NA	NA	NA	NA	1023	22.2	NA	20	NA	NA	NA
2018	10	18	10	0	20	3.6	NA	NA	NA	NA	NA	1022	22.6	NA	20	NA	0	NA
2018	10	18	9	45	360	3.6	NA	NA	NA	NA	NA	1022	22.7	NA	20.1	NA	NA	NA
2018	10	18	9	30	360	3.6	NA	NA	NA	NA	NA	1022	22.6	NA	20	NA	NA	NA
2018	10	18	9	15	360	4.1	NA	NA	NA	NA	NA	1022	22.6	NA	20.2	NA	NA	NA
2018	10	18	7	0	360	4.1	NA	NA	NA	NA	NA	1022	23.9	NA	21.1	NA	0	NA
2018	10	18	6	45	360	3.6	NA	NA	NA	NA	NA	1022	24	NA	21.2	NA	NA	NA
2018	10	18	6	30	360	3.6	NA	NA	NA	NA	NA	1022	24	NA	21.4	NA	NA	NA
2018	10	18	6	15	360	3.6	NA	NA	NA	NA	NA	1022	24	NA	21.6	NA	NA	NA
2018	10	18	6	0	360	3.1	NA	NA	NA	NA	NA	1022	24.2	NA	21.8	NA	1	NA
2018	10	18	5	45	360	3.1	NA	NA	NA	NA	NA	1022	23.9	NA	21.5	NA	NA	NA
2018	10	18	5	30	10	2.1	NA	NA	NA	NA	NA	1022	24.2	NA	21.4	NA	NA	NA
2018	10	18	5	15	360	3.6	NA	NA	NA	NA	NA	1022	24.6	NA	21.6	NA	NA	NA
2018	10	18	5	0	10	3.1	NA	NA	NA	NA	NA	1022	24.4	NA	21.8	NA	1	NA
2018	10	18	4	45	20	3.1	NA	NA	NA	NA	NA	1022	24.4	NA	22	NA	NA	NA
2018	10	18	4	30	10	3.1	NA	NA	NA	NA	NA	1022	24.9	NA	22.6	NA	NA	NA
2018	10	18	4	15	360	3.6	NA	NA	NA	NA	NA	1022	25.2	NA	22.9	NA	NA	NA
2018	10	18	4	0	350	3.1	NA	NA	NA	NA	NA	1022	25.2	NA	23.3	NA	1	NA
2018	10	18	3	45	20	1.5	NA	NA	NA	NA	NA	1022	25.2	NA	23.5	NA	NA	NA
2018	10	18	3	30	360	2.1	NA	NA	NA	NA	NA	1021	25.5	NA	24.1	NA	NA	NA
2018	10	18	3	15	340	1.5	NA	NA	NA	NA	NA	1021	25.3	NA	24.3	NA	NA	NA
2018	10	18	3	0	330	1.5	NA	NA	NA	NA	NA	1021	25.5	NA	24.5	NA	1	NA
2018	10	18	2	45	340	1	NA	NA	NA	NA	NA	1021	25.4	NA	24.2	NA	NA	NA
2018	10	18	2	30	NA	0	NA	NA	NA	NA	NA	1021	25.5	NA	24.1	NA	NA	NA
2018	10	18	2	15	190	0.5	NA	NA	NA	NA	NA	1021	25.9	NA	24.4	NA	NA	NA
2018	10	18	2	0	180	1.5	NA	NA	NA	NA	NA	1021	26.3	NA	24.8	NA	2	NA
2018	10	18	1	45	180	2.1	NA	NA	NA	NA	NA	1021	26.3	NA	24.8	NA	NA	NA
2018	10	18	1	30	170	1.5	NA	NA	NA	NA	NA	1021	26.2	NA	24.7	NA	NA	NA
2018	10	18	1	15	NA	0	NA	NA	NA	NA	NA	1021	26.4	NA	24.9	NA	NA	NA
2018	10	18	1	0	NA	0	NA	NA	NA	NA	NA	1021	26.8	NA	24.9	NA	2	NA
2018	10	18	0	45	240	0.5	NA	NA	NA	NA	NA	1021	27.3	NA	25.4	NA	NA	NA
2018	10	18	0	30	210	1.5	NA	NA	NA	NA	NA	1020	27.3	NA	25	NA	NA	NA
2018	10	18	0	15	190	2.1	NA	NA	NA	NA	NA	1020	27.4	NA	25.1	NA	NA	NA
2018	10	18	0	0	180	2.6	NA	NA	NA	NA	NA	1020	27.6	NA	25.1	NA	1	NA